,Time,TemperatureF,DewpointF,PressureIn,WindDirection,WindDirectionDegrees,WindSpeedMPH,WindSpeedGustMPH,Humidity,HourlyPrecipIn,Conditions,Clouds,dailyrainin,SolarRadiationWatts/m^2,SoftwareType,DateUTC,station
0,2018-11-04 00:04:39,34.2,20.8,30.17,West,270,0.0,0.0,58,0.0,,,0.0,0.0,AMBWeatherV3.0.3,2018-11-04 07:04:39,KAZFLAGS163
1,2018-11-04 00:09:38,33.8,18.9,30.18,West,270,0.0,0.0,54,0.0,,,0.0,0.0,AMBWeatherV3.0.3,2018-11-04 07:09:38,KAZFLAGS163
2,2018-11-04 00:14:40,33.6,19.2,30.18,West,270,0.0,0.0,55,0.0,,,0.0,0.0,AMBWeatherV3.0.3,2018-11-04 07:14:40,KAZFLAGS163
3,2018-11-04 00:19:35,33.6,19.6,30.18,West,270,0.0,0.0,56,0.0,,,0.0,0.0,AMBWeatherV3.0.3,2018-11-04 07:19:35,KAZFLAGS163
4,2018-11-04 00:24:39,33.8,17.6,30.18,West,270,0.0,0.0,51,0.0,,,0.0,0.0,AMBWeatherV3.0.3,2018-11-04 07:24:39,KAZFLAGS163
5,2018-11-04 00:29:38,34.2,18.9,30.19,West,270,0.0,0.0,53,0.0,,,0.0,0.0,AMBWeatherV3.0.3,2018-11-04 07:29:38,KAZFLAGS163
6,2018-11-04 00:34:31,34.0,19.0,30.18,West,270,0.0,0.0,54,0.0,,,0.0,0.0,AMBWeatherV3.0.3,2018-11-04 07:34:31,KAZFLAGS163
7,2018-11-04 00:39:50,34.5,19.2,30.17,West,270,0.0,0.0,53,0.0,,,0.0,0.0,AMBWeatherV3.0.3,2018-11-04 07:39:50,KAZFLAGS163
8,2018-11-04 00:44:00,34.7,19.8,30.18,West,270,0.0,0.0,54,0.0,,,0.0,0.0,AMBWeatherV3.0.3,2018-11-04 07:44:00,KAZFLAGS163
9,2018-11-04 00:49:53,34.3,19.8,30.17,West,270,0.0,0.0,55,0.0,,,0.0,0.0,AMBWeatherV3.0.3,2018-11-04 07:49:53,KAZFLAGS163
10,2018-11-04 00:54:31,34.3,19.4,30.17,West,270,0.0,0.0,54,0.0,,,0.0,0.0,AMBWeatherV3.0.3,2018-11-04 07:54:31,KAZFLAGS163
11,2018-11-04 00:59:50,34.2,19.6,30.17,West,270,0.0,0.0,55,0.0,,,0.0,0.0,AMBWeatherV3.0.3,2018-11-04 07:59:50,KAZFLAGS163
12,2018-11-04 01:04:39,33.8,19.4,30.17,West,270,0.0,0.0,55,0.0,,,0.0,0.0,AMBWeatherV3.0.3,2018-11-04 08:04:39,KAZFLAGS163
13,2018-11-04 01:09:31,33.8,19.8,30.17,West,270,0.0,0.0,56,0.0,,,0.0,0.0,AMBWeatherV3.0.3,2018-11-04 08:09:31,KAZFLAGS163
14,2018-11-04 01:14:40,34.2,19.2,30.17,West,270,0.0,0.0,54,0.0,,,0.0,0.0,AMBWeatherV3.0.3,2018-11-04 08:14:40,KAZFLAGS163
15,2018-11-04 01:19:50,34.2,19.6,30.17,West,270,0.0,0.0,55,0.0,,,0.0,0.0,AMBWeatherV3.0.3,2018-11-04 08:19:50,KAZFLAGS163
16,2018-11-04 01:24:39,33.8,19.4,30.17,West,270,0.0,0.0,55,0.0,,,0.0,0.0,AMBWeatherV3.0.3,2018-11-04 08:24:39,KAZFLAGS163
17,2018-11-04 01:29:31,34.0,19.4,30.17,West,270,0.0,0.0,55,0.0,,,0.0,0.0,AMBWeatherV3.0.3,2018-11-04 08:29:31,KAZFLAGS163
18,2018-11-04 01:34:40,34.2,20.5,30.16,West,270,0.0,0.0,57,0.0,,,0.0,0.0,AMBWeatherV3.0.3,2018-11-04 08:34:40,KAZFLAGS163
19,2018-11-04 01:39:35,33.6,19.9,30.17,West,270,0.0,0.0,57,0.0,,,0.0,0.0,AMBWeatherV3.0.3,2018-11-04 08:39:35,KAZFLAGS163
20,2018-11-04 01:44:39,33.6,19.2,30.17,West,270,0.0,0.0,55,0.0,,,0.0,0.0,AMBWeatherV3.0.3,2018-11-04 08:44:39,KAZFLAGS163
21,2018-11-04 01:49:53,34.0,18.7,30.17,West,270,0.0,0.0,53,0.0,,,0.0,0.0,AMBWeatherV3.0.3,2018-11-04 08:49:53,KAZFLAGS163
22,2018-11-04 01:54:39,34.3,19.0,30.16,West,270,0.0,0.0,53,0.0,,,0.0,0.0,AMBWeatherV3.0.3,2018-11-04 08:54:39,KAZFLAGS163
23,2018-11-04 01:59:50,34.5,18.3,30.17,West,270,0.0,0.0,51,0.0,,,0.0,0.0,AMBWeatherV3.0.3,2018-11-04 08:59:50,KAZFLAGS163
24,2018-11-04 02:04:31,34.9,18.5,30.17,West,270,0.0,0.0,51,0.0,,,0.0,0.0,AMBWeatherV3.0.3,2018-11-04 09:04:31,KAZFLAGS163
25,2018-11-04 02:09:38,35.1,18.7,30.16,West,270,0.0,0.0,51,0.0,,,0.0,0.0,AMBWeatherV3.0.3,2018-11-04 09:09:38,KAZFLAGS163
26,2018-11-04 02:14:31,34.9,18.5,30.16,West,270,0.0,0.0,51,0.0,,,0.0,0.0,AMBWeatherV3.0.3,2018-11-04 09:14:31,KAZFLAGS163
27,2018-11-04 02:19:50,34.9,18.5,30.16,West,270,0.0,0.0,51,0.0,,,0.0,0.0,AMBWeatherV3.0.3,2018-11-04 09:19:50,KAZFLAGS163
28,2018-11-04 02:24:31,34.7,18.0,30.16,West,270,0.0,0.0,50,0.0,,,0.0,0.0,AMBWeatherV3.0.3,2018-11-04 09:24:31,KAZFLAGS163
29,2018-11-04 02:29:38,34.7,18.5,30.15,West,270,0.0,0.0,51,0.0,,,0.0,0.0,AMBWeatherV3.0.3,2018-11-04 09:29:38,KAZFLAGS163
30,2018-11-04 02:34:39,34.2,19.6,30.16,West,270,0.0,0.0,55,0.0,,,0.0,0.0,AMBWeatherV3.0.3,2018-11-04 09:34:39,KAZFLAGS163
31,2018-11-04 02:39:35,33.8,18.9,30.16,West,270,0.0,0.0,54,0.0,,,0.0,0.0,AMBWeatherV3.0.3,2018-11-04 09:39:35,KAZFLAGS163
32,2018-11-04 02:44:39,34.3,16.2,30.16,West,270,0.0,0.0,47,0.0,,,0.0,0.0,AMBWeatherV3.0.3,2018-11-04 09:44:39,KAZFLAGS163
33,2018-11-04 02:49:38,35.6,18.9,30.16,West,270,0.0,0.0,50,0.0,,,0.0,0.0,AMBWeatherV3.0.3,2018-11-04 09:49:38,KAZFLAGS163
34,2018-11-04 02:54:39,35.8,18.5,30.15,West,270,0.0,0.0,49,0.0,,,0.0,0.0,AMBWeatherV3.0.3,2018-11-04 09:54:39,KAZFLAGS163
35,2018-11-04 02:59:50,35.4,19.0,30.16,West,270,0.0,0.0,51,0.0,,,0.0,0.0,AMBWeatherV3.0.3,2018-11-04 09:59:50,KAZFLAGS163
36,2018-11-04 03:04:39,35.2,18.9,30.15,West,270,0.0,0.0,51,0.0,,,0.0,0.0,AMBWeatherV3.0.3,2018-11-04 10:04:39,KAZFLAGS163
37,2018-11-04 03:09:38,35.2,18.9,30.15,West,270,0.0,0.0,51,0.0,,,0.0,0.0,AMBWeatherV3.0.3,2018-11-04 10:09:38,KAZFLAGS163
38,2018-11-04 03:14:39,35.1,19.2,30.16,West,270,0.0,0.0,52,0.0,,,0.0,0.0,AMBWeatherV3.0.3,2018-11-04 10:14:39,KAZFLAGS163
39,2018-11-04 03:19:50,34.9,19.4,30.16,West,270,0.0,0.0,53,0.0,,,0.0,0.0,AMBWeatherV3.0.3,2018-11-04 10:19:50,KAZFLAGS163
40,2018-11-04 03:24:38,35.1,19.2,30.16,West,270,0.0,0.0,52,0.0,,,0.0,0.0,AMBWeatherV3.0.3,2018-11-04 10:24:38,KAZFLAGS163
41,2018-11-04 03:29:38,35.1,20.1,30.16,West,270,0.0,0.0,54,0.0,,,0.0,0.0,AMBWeatherV3.0.3,2018-11-04 10:29:38,KAZFLAGS163
42,2018-11-04 03:34:39,34.5,19.9,30.15,West,270,0.0,0.0,55,0.0,,,0.0,0.0,AMBWeatherV3.0.3,2018-11-04 10:34:39,KAZFLAGS163
43,2018-11-04 03:39:34,34.0,19.9,30.15,West,270,0.0,0.0,56,0.0,,,0.0,0.0,AMBWeatherV3.0.3,2018-11-04 10:39:34,KAZFLAGS163
44,2018-11-04 03:44:54,34.0,19.9,30.15,West,270,0.0,0.0,56,0.0,,,0.0,0.0,AMBWeatherV3.0.3,2018-11-04 10:44:54,KAZFLAGS163
45,2018-11-04 03:49:31,34.3,19.0,30.14,West,270,0.0,0.0,53,0.0,,,0.0,0.0,AMBWeatherV3.0.3,2018-11-04 10:49:31,KAZFLAGS163
46,2018-11-04 03:54:39,34.2,20.5,30.15,West,270,0.0,0.0,57,0.0,,,0.0,0.0,AMBWeatherV3.0.3,2018-11-04 10:54:39,KAZFLAGS163
47,2018-11-04 03:59:50,33.4,19.8,30.15,West,270,0.0,0.0,57,0.0,,,0.0,0.0,AMBWeatherV3.0.3,2018-11-04 10:59:50,KAZFLAGS163
48,2018-11-04 04:04:54,33.6,19.6,30.14,West,270,0.0,0.0,56,0.0,,,0.0,0.0,AMBWeatherV3.0.3,2018-11-04 11:04:54,KAZFLAGS163
49,2018-11-04 04:09:53,33.6,19.9,30.14,West,270,0.0,0.0,57,0.0,,,0.0,0.0,AMBWeatherV3.0.3,2018-11-04 11:09:53,KAZFLAGS163
50,2018-11-04 04:14:39,33.3,19.2,30.14,West,270,0.0,0.0,56,0.0,,,0.0,0.0,AMBWeatherV3.0.3,2018-11-04 11:14:39,KAZFLAGS163
51,2018-11-04 04:19:50,33.3,20.1,30.14,West,270,0.0,0.0,58,0.0,,,0.0,0.0,AMBWeatherV3.0.3,2018-11-04 11:19:50,KAZFLAGS163
52,2018-11-04 04:24:54,33.3,20.1,30.14,West,270,0.0,0.0,58,0.0,,,0.0,0.0,AMBWeatherV3.0.3,2018-11-04 11:24:54,KAZFLAGS163
53,2018-11-04 04:29:19,33.3,20.1,30.14,West,270,0.0,0.0,58,0.0,,,0.0,0.0,AMBWeatherV3.0.3,2018-11-04 11:29:19,KAZFLAGS163
54,2018-11-04 04:34:39,33.6,19.2,30.14,West,270,0.0,0.0,55,0.0,,,0.0,0.0,AMBWeatherV3.0.3,2018-11-04 11:34:39,KAZFLAGS163
55,2018-11-04 04:39:50,34.0,20.7,30.14,West,270,0.0,0.0,58,0.0,,,0.0,0.0,AMBWeatherV3.0.3,2018-11-04 11:39:50,KAZFLAGS163
56,2018-11-04 04:44:38,34.0,19.9,30.14,West,270,0.0,0.0,56,0.0,,,0.0,0.0,AMBWeatherV3.0.3,2018-11-04 11:44:38,KAZFLAGS163
57,2018-11-04 04:49:31,34.2,21.4,30.14,West,270,0.0,0.0,59,0.0,,,0.0,0.0,AMBWeatherV3.0.3,2018-11-04 11:49:31,KAZFLAGS163
58,2018-11-04 04:54:39,33.8,20.1,30.14,West,270,0.0,0.0,57,0.0,,,0.0,0.0,AMBWeatherV3.0.3,2018-11-04 11:54:39,KAZFLAGS163
59,2018-11-04 04:59:50,34.2,20.5,30.14,West,270,0.0,0.0,57,0.0,,,0.0,0.0,AMBWeatherV3.0.3,2018-11-04 11:59:50,KAZFLAGS163
60,2018-11-04 05:04:38,33.8,21.0,30.14,West,270,0.0,0.0,59,0.0,,,0.0,0.0,AMBWeatherV3.0.3,2018-11-04 12:04:38,KAZFLAGS163
61,2018-11-04 05:09:54,33.8,19.4,30.14,West,270,0.0,0.0,55,0.0,,,0.0,0.0,AMBWeatherV3.0.3,2018-11-04 12:09:54,KAZFLAGS163
62,2018-11-04 05:14:31,34.0,19.9,30.14,West,270,0.0,0.0,56,0.0,,,0.0,0.0,AMBWeatherV3.0.3,2018-11-04 12:14:31,KAZFLAGS163
63,2018-11-04 05:19:51,34.0,19.4,30.14,West,270,0.0,0.0,55,0.0,,,0.0,0.0,AMBWeatherV3.0.3,2018-11-04 12:19:51,KAZFLAGS163
64,2018-11-04 05:24:15,34.2,19.6,30.14,West,270,0.0,0.0,55,0.0,,,0.0,0.0,AMBWeatherV3.0.3,2018-11-04 12:24:15,KAZFLAGS163
65,2018-11-04 05:29:19,34.2,19.6,30.15,West,270,0.0,0.0,55,0.0,,,0.0,0.0,AMBWeatherV3.0.3,2018-11-04 12:29:19,KAZFLAGS163
66,2018-11-04 05:34:31,34.5,19.6,30.14,West,270,0.0,0.0,54,0.0,,,0.0,0.0,AMBWeatherV3.0.3,2018-11-04 12:34:31,KAZFLAGS163
67,2018-11-04 05:39:50,35.1,19.2,30.15,West,270,0.0,0.0,52,0.0,,,0.0,0.0,AMBWeatherV3.0.3,2018-11-04 12:39:50,KAZFLAGS163
68,2018-11-04 05:44:38,35.4,19.0,30.14,West,269,0.0,0.0,51,0.0,,,0.0,0.0,AMBWeatherV3.0.3,2018-11-04 12:44:38,KAZFLAGS163
69,2018-11-04 05:49:31,35.6,19.8,30.14,West,269,0.0,0.0,52,0.0,,,0.0,0.0,AMBWeatherV3.0.3,2018-11-04 12:49:31,KAZFLAGS163
70,2018-11-04 05:54:39,35.4,19.0,30.14,West,269,0.0,0.0,51,0.0,,,0.0,0.0,AMBWeatherV3.0.3,2018-11-04 12:54:39,KAZFLAGS163
71,2018-11-04 05:59:50,35.4,19.6,30.14,West,268,0.0,0.0,52,0.0,,,0.0,0.0,AMBWeatherV3.0.3,2018-11-04 12:59:50,KAZFLAGS163
72,2018-11-04 06:04:38,35.1,19.2,30.14,West,268,0.0,0.0,52,0.0,,,0.0,0.0,AMBWeatherV3.0.3,2018-11-04 13:04:38,KAZFLAGS163
73,2018-11-04 06:09:53,34.5,20.8,30.14,West,268,0.0,0.0,57,0.0,,,0.0,0.0,AMBWeatherV3.0.3,2018-11-04 13:09:53,KAZFLAGS163
74,2018-11-04 06:14:39,34.2,19.6,30.13,West,268,0.0,0.0,55,0.0,,,0.0,0.0,AMBWeatherV3.0.3,2018-11-04 13:14:39,KAZFLAGS163
75,2018-11-04 06:19:50,34.2,20.1,30.14,West,268,0.0,0.0,56,0.0,,,0.0,0.0,AMBWeatherV3.0.3,2018-11-04 13:19:50,KAZFLAGS163
76,2018-11-04 06:24:54,34.2,18.9,30.14,West,268,0.0,0.0,53,0.0,,,0.0,0.0,AMBWeatherV3.0.3,2018-11-04 13:24:54,KAZFLAGS163
77,2018-11-04 06:29:19,34.2,20.1,30.14,West,268,0.0,0.0,56,0.0,,,0.0,0.0,AMBWeatherV3.0.3,2018-11-04 13:29:19,KAZFLAGS163
78,2018-11-04 06:34:39,33.6,20.3,30.14,West,268,0.0,0.0,58,0.0,,,0.0,0.0,AMBWeatherV3.0.3,2018-11-04 13:34:39,KAZFLAGS163
79,2018-11-04 06:39:45,33.4,20.7,30.14,West,268,0.0,0.0,59,0.0,,,0.0,0.0,AMBWeatherV3.0.3,2018-11-04 13:39:45,KAZFLAGS163
80,2018-11-04 06:44:39,32.9,20.5,30.14,West,268,0.0,0.0,60,0.0,,,0.0,0.0,AMBWeatherV3.0.3,2018-11-04 13:44:39,KAZFLAGS163
81,2018-11-04 06:49:38,32.9,18.9,30.14,West,268,0.0,0.0,56,0.0,,,0.0,1.22,AMBWeatherV3.0.3,2018-11-04 13:49:38,KAZFLAGS163
82,2018-11-04 06:54:39,33.1,19.9,30.14,West,268,0.0,0.0,58,0.0,,,0.0,2.94,AMBWeatherV3.0.3,2018-11-04 13:54:39,KAZFLAGS163
83,2018-11-04 06:59:50,33.1,19.9,30.14,West,268,0.0,0.0,58,0.0,,,0.0,5.63,AMBWeatherV3.0.3,2018-11-04 13:59:50,KAZFLAGS163
84,2018-11-04 07:04:38,33.3,20.5,30.15,West,268,0.0,0.0,59,0.0,,,0.0,9.05,AMBWeatherV3.0.3,2018-11-04 14:04:38,KAZFLAGS163
85,2018-11-04 07:09:31,33.1,21.0,30.15,West,268,0.0,0.0,61,0.0,,,0.0,12.48,AMBWeatherV3.0.3,2018-11-04 14:09:31,KAZFLAGS163
86,2018-11-04 07:14:31,33.1,20.3,30.15,West,268,0.0,0.0,59,0.0,,,0.0,15.53,AMBWeatherV3.0.3,2018-11-04 14:14:31,KAZFLAGS163
87,2018-11-04 07:19:34,33.6,20.8,30.14,West,268,0.0,0.0,59,0.0,,,0.0,17.25,AMBWeatherV3.0.3,2018-11-04 14:19:34,KAZFLAGS163
88,2018-11-04 07:24:15,34.3,20.7,30.14,West,268,0.0,0.0,57,0.0,,,0.0,19.08,AMBWeatherV3.0.3,2018-11-04 14:24:15,KAZFLAGS163
89,2018-11-04 07:29:53,35.2,21.0,30.14,West,268,0.0,0.0,56,0.0,,,0.0,22.02,AMBWeatherV3.0.3,2018-11-04 14:29:53,KAZFLAGS163
90,2018-11-04 07:34:07,36.1,21.6,30.14,West,268,0.0,0.0,55,0.0,,,0.0,23.36,AMBWeatherV3.0.3,2018-11-04 14:34:07,KAZFLAGS163
91,2018-11-04 07:38:55,37.0,22.8,30.15,West,268,0.0,0.0,56,0.0,,,0.0,25.56,AMBWeatherV3.0.3,2018-11-04 14:38:55,KAZFLAGS163
92,2018-11-04 07:44:38,37.4,23.5,30.14,West,268,0.0,0.0,57,0.0,,,0.0,25.94,AMBWeatherV3.0.3,2018-11-04 14:44:38,KAZFLAGS163
93,2018-11-04 07:49:38,37.2,23.4,30.14,West,268,0.0,0.0,57,0.0,,,0.0,27.65,AMBWeatherV3.0.3,2018-11-04 14:49:38,KAZFLAGS163
94,2018-11-04 07:54:39,38.5,24.1,30.15,West,268,0.0,0.0,56,0.0,,,0.0,29.48,AMBWeatherV3.0.3,2018-11-04 14:54:39,KAZFLAGS163
95,2018-11-04 07:59:49,39.9,24.6,30.15,West,269,0.0,0.0,54,0.0,,,0.0,30.34,AMBWeatherV3.0.3,2018-11-04 14:59:49,KAZFLAGS163
96,2018-11-04 08:04:38,41.9,26.4,30.14,West,268,0.0,0.0,54,0.0,,,0.0,32.42,AMBWeatherV3.0.3,2018-11-04 15:04:38,KAZFLAGS163
97,2018-11-04 08:09:38,43.2,23.7,30.14,West,270,0.0,0.0,46,0.0,,,0.0,41.96,AMBWeatherV3.0.3,2018-11-04 15:09:38,KAZFLAGS163
98,2018-11-04 08:14:31,46.0,25.3,30.14,West,270,0.0,0.0,44,0.0,,,0.0,113.16,AMBWeatherV3.0.3,2018-11-04 15:14:31,KAZFLAGS163
99,2018-11-04 08:19:50,47.8,24.6,30.14,West,270,0.0,0.0,40,0.0,,,0.0,130.04,AMBWeatherV3.0.3,2018-11-04 15:19:50,KAZFLAGS163
100,2018-11-04 08:24:38,48.6,24.8,30.15,West,270,0.0,0.0,39,0.0,,,0.0,136.16,AMBWeatherV3.0.3,2018-11-04 15:24:38,KAZFLAGS163
101,2018-11-04 08:29:38,48.7,24.3,30.15,West,270,0.0,0.0,38,0.0,,,0.0,155.24,AMBWeatherV3.0.3,2018-11-04 15:29:38,KAZFLAGS163
102,2018-11-04 08:34:31,49.1,25.2,30.14,West,270,0.0,0.0,39,0.0,,,0.0,163.93,AMBWeatherV3.0.3,2018-11-04 15:34:31,KAZFLAGS163
103,2018-11-04 08:39:49,49.1,23.9,30.14,NNW,336,0.0,0.0,37,0.0,,,0.0,179.95,AMBWeatherV3.0.3,2018-11-04 15:39:49,KAZFLAGS163
104,2018-11-04 08:44:53,49.5,23.7,30.15,NNE,21,0.0,0.0,36,0.0,,,0.0,190.84,AMBWeatherV3.0.3,2018-11-04 15:44:53,KAZFLAGS163
105,2018-11-04 08:49:38,49.8,23.9,30.14,NNE,29,0.0,0.0,36,0.0,,,0.0,225.46,AMBWeatherV3.0.3,2018-11-04 15:49:38,KAZFLAGS163
106,2018-11-04 08:53:38,51.6,24.3,30.14,NNE,28,0.0,0.0,34,0.0,,,0.0,251.15,AMBWeatherV3.0.3,2018-11-04 15:53:38,KAZFLAGS163
107,2018-11-04 08:59:34,52.9,25.3,30.14,NNE,28,0.0,0.0,34,0.0,,,0.0,261.55,AMBWeatherV3.0.3,2018-11-04 15:59:34,KAZFLAGS163
108,2018-11-04 09:04:38,52.5,25.0,30.14,NNE,29,0.0,0.0,34,0.0,,,0.0,263.76,AMBWeatherV3.0.3,2018-11-04 16:04:38,KAZFLAGS163
109,2018-11-04 09:09:31,52.7,25.2,30.14,NNE,28,0.0,0.0,34,0.0,,,0.0,278.44,AMBWeatherV3.0.3,2018-11-04 16:09:31,KAZFLAGS163
110,2018-11-04 09:14:39,54.1,25.0,30.13,NE,54,0.0,0.0,32,0.0,,,0.0,298.37,AMBWeatherV3.0.3,2018-11-04 16:14:39,KAZFLAGS163
111,2018-11-04 09:19:34,55.0,23.4,30.14,ESE,102,0.0,0.0,29,0.0,,,0.0,299.72,AMBWeatherV3.0.3,2018-11-04 16:19:34,KAZFLAGS163
112,2018-11-04 09:24:38,54.5,24.4,30.14,SSE,147,0.0,0.0,31,0.0,,,0.0,346.57,AMBWeatherV3.0.3,2018-11-04 16:24:38,KAZFLAGS163
113,2018-11-04 09:29:53,53.4,24.3,30.14,SSW,195,0.0,0.0,32,0.0,,,0.0,361.25,AMBWeatherV3.0.3,2018-11-04 16:29:53,KAZFLAGS163
114,2018-11-04 09:34:31,53.1,25.5,30.14,WSW,247,0.0,0.0,34,0.0,,,0.0,394.29,AMBWeatherV3.0.3,2018-11-04 16:34:31,KAZFLAGS163
115,2018-11-04 09:39:34,52.5,22.8,30.13,West,261,0.7,1.1,31,0.0,,,0.0,419.0,AMBWeatherV3.0.3,2018-11-04 16:39:34,KAZFLAGS163
116,2018-11-04 09:44:38,52.5,25.0,30.14,West,260,0.0,0.0,34,0.0,,,0.0,374.71,AMBWeatherV3.0.3,2018-11-04 16:44:38,KAZFLAGS163
117,2018-11-04 09:49:53,53.1,24.1,30.13,SW,221,0.0,0.0,32,0.0,,,0.0,417.66,AMBWeatherV3.0.3,2018-11-04 16:49:53,KAZFLAGS163
118,2018-11-04 09:54:31,52.9,23.0,30.14,WSW,256,3.1,4.5,31,0.0,,,0.0,445.06,AMBWeatherV3.0.3,2018-11-04 16:54:31,KAZFLAGS163
119,2018-11-04 09:59:34,52.9,24.6,30.14,WNW,295,0.0,0.0,33,0.0,,,0.0,455.45,AMBWeatherV3.0.3,2018-11-04 16:59:34,KAZFLAGS163
120,2018-11-04 10:04:31,54.1,24.3,30.13,West,266,0.0,0.0,31,0.0,,,0.0,504.51,AMBWeatherV3.0.3,2018-11-04 17:04:31,KAZFLAGS163
121,2018-11-04 10:09:38,54.0,23.2,30.14,SW,231,0.0,0.0,30,0.0,,,0.0,520.91,AMBWeatherV3.0.3,2018-11-04 17:09:38,KAZFLAGS163
122,2018-11-04 10:14:39,53.4,25.7,30.15,SW,221,0.0,0.0,34,0.0,,,0.0,433.8,AMBWeatherV3.0.3,2018-11-04 17:14:39,KAZFLAGS163
123,2018-11-04 10:19:49,54.0,24.8,30.14,SSW,211,0.0,0.0,32,0.0,,,0.0,550.02,AMBWeatherV3.0.3,2018-11-04 17:19:49,KAZFLAGS163
124,2018-11-04 10:24:53,54.5,24.4,30.14,SW,233,0.0,0.0,31,0.0,,,0.0,353.55,AMBWeatherV3.0.3,2018-11-04 17:24:53,KAZFLAGS163
125,2018-11-04 10:29:38,54.1,24.3,30.14,WSW,254,0.0,0.0,31,0.0,,,0.0,519.19,AMBWeatherV3.0.3,2018-11-04 17:29:38,KAZFLAGS163
126,2018-11-04 10:34:39,54.9,24.1,30.14,West,274,0.0,0.0,30,0.0,,,0.0,603.36,AMBWeatherV3.0.3,2018-11-04 17:34:39,KAZFLAGS163
127,2018-11-04 10:39:49,56.1,25.2,30.13,NW,304,0.0,0.0,30,0.0,,,0.0,558.22,AMBWeatherV3.0.3,2018-11-04 17:39:49,KAZFLAGS163
128,2018-11-04 10:44:31,56.1,25.9,30.13,West,269,0.0,0.0,31,0.0,,,0.0,486.28,AMBWeatherV3.0.3,2018-11-04 17:44:31,KAZFLAGS163
129,2018-11-04 10:49:53,56.1,25.9,30.12,SSW,209,0.2,2.2,31,0.0,,,0.0,626.36,AMBWeatherV3.0.3,2018-11-04 17:49:53,KAZFLAGS163
130,2018-11-04 10:54:39,56.3,24.4,30.13,WSW,249,5.8,8.1,29,0.0,,,0.0,613.39,AMBWeatherV3.0.3,2018-11-04 17:54:39,KAZFLAGS163
131,2018-11-04 10:59:49,55.4,25.3,30.13,NNW,331,3.4,4.5,31,0.0,,,0.0,574.74,AMBWeatherV3.0.3,2018-11-04 17:59:49,KAZFLAGS163
132,2018-11-04 11:04:15,55.9,24.1,30.13,WSW,239,3.8,4.5,29,0.0,,,0.0,327.49,AMBWeatherV3.0.3,2018-11-04 18:04:15,KAZFLAGS163
133,2018-11-04 11:09:31,55.0,25.0,30.13,NW,307,0.0,0.0,31,0.0,,,0.0,260.69,AMBWeatherV3.0.3,2018-11-04 18:09:31,KAZFLAGS163
134,2018-11-04 11:14:39,54.7,24.6,30.13,West,269,0.0,0.0,31,0.0,,,0.0,408.6,AMBWeatherV3.0.3,2018-11-04 18:14:39,KAZFLAGS163
135,2018-11-04 11:19:49,55.0,23.4,30.12,WNW,290,0.4,2.2,29,0.0,,,0.0,318.32,AMBWeatherV3.0.3,2018-11-04 18:19:49,KAZFLAGS163
136,2018-11-04 11:24:38,55.2,23.5,30.12,NW,305,1.1,3.4,29,0.0,,,0.0,340.46,AMBWeatherV3.0.3,2018-11-04 18:24:38,KAZFLAGS163
137,2018-11-04 11:29:54,55.8,24.8,30.12,SW,223,0.7,2.2,30,0.0,,,0.0,326.15,AMBWeatherV3.0.3,2018-11-04 18:29:54,KAZFLAGS163
138,2018-11-04 11:34:39,55.4,24.4,30.12,West,261,0.0,0.0,30,0.0,,,0.0,321.37,AMBWeatherV3.0.3,2018-11-04 18:34:39,KAZFLAGS163
139,2018-11-04 11:39:50,55.0,24.3,30.12,SSW,212,2.2,3.4,30,0.0,,,0.0,282.84,AMBWeatherV3.0.3,2018-11-04 18:39:50,KAZFLAGS163
140,2018-11-04 11:44:53,54.9,24.8,30.12,WSW,257,0.0,0.0,31,0.0,,,0.0,257.15,AMBWeatherV3.0.3,2018-11-04 18:44:53,KAZFLAGS163
141,2018-11-04 11:49:31,54.7,25.3,30.12,SW,221,1.6,2.2,32,0.0,,,0.0,224.24,AMBWeatherV3.0.3,2018-11-04 18:49:31,KAZFLAGS163
142,2018-11-04 11:54:39,54.5,24.4,30.12,WSW,246,1.3,3.4,31,0.0,,,0.0,328.35,AMBWeatherV3.0.3,2018-11-04 18:54:39,KAZFLAGS163
143,2018-11-04 11:59:50,55.2,24.3,30.12,WSW,246,1.6,3.4,30,0.0,,,0.0,301.44,AMBWeatherV3.0.3,2018-11-04 18:59:50,KAZFLAGS163
144,2018-11-04 12:04:38,55.4,26.1,30.11,WSW,239,0.0,0.0,32,0.0,,,0.0,231.58,AMBWeatherV3.0.3,2018-11-04 19:04:38,KAZFLAGS163
145,2018-11-04 12:09:53,54.9,24.8,30.11,WSW,237,4.5,5.8,31,0.0,,,0.0,385.6,AMBWeatherV3.0.3,2018-11-04 19:09:53,KAZFLAGS163
146,2018-11-04 12:14:39,54.9,24.8,30.11,West,259,2.5,4.5,31,0.0,,,0.0,370.43,AMBWeatherV3.0.3,2018-11-04 19:14:39,KAZFLAGS163
147,2018-11-04 12:19:49,55.6,25.5,30.11,WNW,296,1.1,3.4,31,0.0,,,0.0,291.89,AMBWeatherV3.0.3,2018-11-04 19:19:49,KAZFLAGS163
148,2018-11-04 12:24:38,56.1,25.2,30.1,SSW,208,0.0,0.0,30,0.0,,,0.0,220.69,AMBWeatherV3.0.3,2018-11-04 19:24:38,KAZFLAGS163
149,2018-11-04 12:29:38,56.7,25.5,30.11,WSW,240,4.9,5.8,30,0.0,,,0.0,270.24,AMBWeatherV3.0.3,2018-11-04 19:29:38,KAZFLAGS163
150,2018-11-04 12:34:23,56.1,25.2,30.1,SW,219,4.5,9.2,30,0.0,,,0.0,269.38,AMBWeatherV3.0.3,2018-11-04 19:34:23,KAZFLAGS163
151,2018-11-04 12:39:43,55.4,26.1,30.1,WSW,238,4.5,6.9,32,0.0,,,0.0,252.87,AMBWeatherV3.0.3,2018-11-04 19:39:43,KAZFLAGS163
152,2018-11-04 12:44:38,54.9,25.5,30.1,SW,235,0.0,0.0,32,0.0,,,0.0,244.18,AMBWeatherV3.0.3,2018-11-04 19:44:38,KAZFLAGS163
153,2018-11-04 12:49:19,55.2,24.3,30.1,WNW,283,3.6,4.5,30,0.0,,,0.0,383.4,AMBWeatherV3.0.3,2018-11-04 19:49:19,KAZFLAGS163
154,2018-11-04 12:54:39,55.6,26.2,30.1,West,272,0.0,0.0,32,0.0,,,0.0,271.1,AMBWeatherV3.0.3,2018-11-04 19:54:39,KAZFLAGS163
155,2018-11-04 12:59:49,56.1,25.9,30.1,SSW,203,0.2,1.1,31,0.0,,,0.0,313.54,AMBWeatherV3.0.3,2018-11-04 19:59:49,KAZFLAGS163
156,2018-11-04 13:04:52,56.5,26.2,30.1,WSW,250,0.0,0.0,31,0.0,,,0.0,436.74,AMBWeatherV3.0.3,2018-11-04 20:04:52,KAZFLAGS163
157,2018-11-04 13:09:53,57.4,26.2,30.11,West,270,0.2,1.1,30,0.0,,,0.0,261.92,AMBWeatherV3.0.3,2018-11-04 20:09:53,KAZFLAGS163
158,2018-11-04 13:14:39,56.3,25.3,30.1,WSW,245,0.9,3.4,30,0.0,,,0.0,395.64,AMBWeatherV3.0.3,2018-11-04 20:14:39,KAZFLAGS163
159,2018-11-04 13:19:34,55.6,24.6,30.09,WSW,244,5.8,6.9,30,0.0,,,0.0,392.08,AMBWeatherV3.0.3,2018-11-04 20:19:34,KAZFLAGS163
160,2018-11-04 13:24:53,56.1,25.2,30.09,West,272,6.3,8.1,30,0.0,,,0.0,326.64,AMBWeatherV3.0.3,2018-11-04 20:24:53,KAZFLAGS163
161,2018-11-04 13:29:31,55.9,25.7,30.09,West,267,0.0,0.0,31,0.0,,,0.0,330.55,AMBWeatherV3.0.3,2018-11-04 20:29:31,KAZFLAGS163
162,2018-11-04 13:34:38,55.9,25.0,30.09,WSW,253,0.0,0.0,30,0.0,,,0.0,434.66,AMBWeatherV3.0.3,2018-11-04 20:34:38,KAZFLAGS163
163,2018-11-04 13:39:34,56.3,26.1,30.09,SSW,213,1.3,2.2,31,0.0,,,0.0,454.11,AMBWeatherV3.0.3,2018-11-04 20:39:34,KAZFLAGS163
164,2018-11-04 13:44:53,56.8,25.0,30.09,SW,235,2.7,4.5,29,0.0,,,0.0,472.83,AMBWeatherV3.0.3,2018-11-04 20:44:53,KAZFLAGS163
165,2018-11-04 13:49:53,56.8,25.0,30.09,WSW,245,2.5,4.5,29,0.0,,,0.0,406.03,AMBWeatherV3.0.3,2018-11-04 20:49:53,KAZFLAGS163
166,2018-11-04 13:54:22,56.7,26.4,30.1,West,275,0.7,3.4,31,0.0,,,0.0,343.03,AMBWeatherV3.0.3,2018-11-04 20:54:22,KAZFLAGS163
167,2018-11-04 13:59:34,57.2,26.8,30.09,WSW,239,0.0,0.0,31,0.0,,,0.0,369.08,AMBWeatherV3.0.3,2018-11-04 20:59:34,KAZFLAGS163
168,2018-11-04 14:04:53,56.8,25.7,30.1,West,277,1.3,3.4,30,0.0,,,0.0,229.01,AMBWeatherV3.0.3,2018-11-04 21:04:53,KAZFLAGS163
169,2018-11-04 14:09:38,56.3,26.1,30.09,West,268,0.0,0.0,31,0.0,,,0.0,137.51,AMBWeatherV3.0.3,2018-11-04 21:09:38,KAZFLAGS163
170,2018-11-04 14:14:38,56.3,25.3,30.09,SSW,213,2.9,6.9,30,0.0,,,0.0,115.36,AMBWeatherV3.0.3,2018-11-04 21:14:38,KAZFLAGS163
171,2018-11-04 14:19:49,56.1,25.9,30.1,West,266,0.0,0.0,31,0.0,,,0.0,112.67,AMBWeatherV3.0.3,2018-11-04 21:19:49,KAZFLAGS163
172,2018-11-04 14:24:53,56.1,25.9,30.1,WSW,246,0.0,0.0,31,0.0,,,0.0,111.44,AMBWeatherV3.0.3,2018-11-04 21:24:53,KAZFLAGS163
173,2018-11-04 14:29:38,56.3,25.3,30.09,SW,225,4.0,9.2,30,0.0,,,0.0,102.76,AMBWeatherV3.0.3,2018-11-04 21:29:38,KAZFLAGS163
174,2018-11-04 14:34:38,56.1,25.9,30.09,SW,217,0.0,0.0,31,0.0,,,0.0,92.73,AMBWeatherV3.0.3,2018-11-04 21:34:38,KAZFLAGS163
175,2018-11-04 14:39:26,56.5,26.2,30.09,West,264,0.0,0.0,31,0.0,,,0.0,90.65,AMBWeatherV3.0.3,2018-11-04 21:39:26,KAZFLAGS163
176,2018-11-04 14:43:58,56.3,25.3,30.09,SW,226,0.0,0.0,30,0.0,,,0.0,87.96,AMBWeatherV3.0.3,2018-11-04 21:43:58,KAZFLAGS163
177,2018-11-04 14:49:54,56.1,25.2,30.08,SW,228,2.9,4.5,30,0.0,,,0.0,123.19,AMBWeatherV3.0.3,2018-11-04 21:49:54,KAZFLAGS163
178,2018-11-04 14:54:38,56.1,25.2,30.08,SW,222,0.0,0.0,30,0.0,,,0.0,138.36,AMBWeatherV3.0.3,2018-11-04 21:54:38,KAZFLAGS163
179,2018-11-04 14:59:33,56.8,26.6,30.07,WSW,245,0.9,2.2,31,0.0,,,0.0,185.58,AMBWeatherV3.0.3,2018-11-04 21:59:33,KAZFLAGS163
180,2018-11-04 15:04:30,56.7,25.5,30.07,WSW,246,1.3,4.5,30,0.0,,,0.0,84.04,AMBWeatherV3.0.3,2018-11-04 22:04:30,KAZFLAGS163
181,2018-11-04 15:09:54,56.5,25.5,30.07,West,269,0.0,0.0,30,0.0,,,0.0,78.9,AMBWeatherV3.0.3,2018-11-04 22:09:54,KAZFLAGS163
182,2018-11-04 15:14:31,56.3,25.3,30.07,SW,231,0.0,0.0,30,0.0,,,0.0,117.44,AMBWeatherV3.0.3,2018-11-04 22:14:31,KAZFLAGS163
183,2018-11-04 15:19:49,56.3,26.1,30.06,WSW,255,0.0,0.0,31,0.0,,,0.0,138.73,AMBWeatherV3.0.3,2018-11-04 22:19:49,KAZFLAGS163
184,2018-11-04 15:24:53,56.5,26.2,30.07,WSW,246,0.0,0.0,31,0.0,,,0.0,95.42,AMBWeatherV3.0.3,2018-11-04 22:24:53,KAZFLAGS163
185,2018-11-04 15:29:38,57.0,25.9,30.07,West,263,0.0,0.0,30,0.0,,,0.0,202.95,AMBWeatherV3.0.3,2018-11-04 22:29:38,KAZFLAGS163
186,2018-11-04 15:34:31,57.0,25.2,30.07,WSW,239,1.3,2.2,29,0.0,,,0.0,188.64,AMBWeatherV3.0.3,2018-11-04 22:34:31,KAZFLAGS163
187,2018-11-04 15:39:49,56.5,25.5,30.07,WSW,244,3.6,4.5,30,0.0,,,0.0,121.85,AMBWeatherV3.0.3,2018-11-04 22:39:49,KAZFLAGS163
188,2018-11-04 15:44:53,55.9,25.0,30.07,West,261,0.0,0.0,30,0.0,,,0.0,84.53,AMBWeatherV3.0.3,2018-11-04 22:44:53,KAZFLAGS163
189,2018-11-04 15:49:54,55.6,24.6,30.07,WSW,239,1.8,2.2,30,0.0,,,0.0,74.99,AMBWeatherV3.0.3,2018-11-04 22:49:54,KAZFLAGS163
190,2018-11-04 15:54:54,55.2,25.9,30.07,WSW,254,0.0,0.0,32,0.0,,,0.0,81.1,AMBWeatherV3.0.3,2018-11-04 22:54:54,KAZFLAGS163
191,2018-11-04 15:59:49,54.9,25.5,30.07,SW,235,0.0,0.0,32,0.0,,,0.0,72.42,AMBWeatherV3.0.3,2018-11-04 22:59:49,KAZFLAGS163
192,2018-11-04 16:04:37,54.5,25.3,30.06,WSW,241,2.2,4.5,32,0.0,,,0.0,65.94,AMBWeatherV3.0.3,2018-11-04 23:04:37,KAZFLAGS163
193,2018-11-04 16:09:38,54.0,24.8,30.07,WSW,254,0.0,0.0,32,0.0,,,0.0,60.68,AMBWeatherV3.0.3,2018-11-04 23:09:38,KAZFLAGS163
194,2018-11-04 16:14:22,53.6,25.9,30.07,WSW,245,0.7,2.2,34,0.0,,,0.0,58.97,AMBWeatherV3.0.3,2018-11-04 23:14:22,KAZFLAGS163
195,2018-11-04 16:19:49,53.4,25.0,30.06,WSW,243,3.8,5.8,33,0.0,,,0.0,58.97,AMBWeatherV3.0.3,2018-11-04 23:19:49,KAZFLAGS163
196,2018-11-04 16:24:53,53.2,25.0,30.07,West,274,3.4,4.5,33,0.0,,,0.0,52.48,AMBWeatherV3.0.3,2018-11-04 23:24:53,KAZFLAGS163
197,2018-11-04 16:29:31,52.9,26.1,30.06,SW,226,0.0,0.0,35,0.0,,,0.0,45.87,AMBWeatherV3.0.3,2018-11-04 23:29:31,KAZFLAGS163
198,2018-11-04 16:34:38,52.5,25.0,30.06,WSW,248,0.4,1.1,34,0.0,,,0.0,39.39,AMBWeatherV3.0.3,2018-11-04 23:34:38,KAZFLAGS163
199,2018-11-04 16:39:43,52.2,26.1,30.06,WSW,241,0.0,0.0,36,0.0,,,0.0,34.25,AMBWeatherV3.0.3,2018-11-04 23:39:43,KAZFLAGS163
200,2018-11-04 16:44:53,52.0,26.6,30.06,SW,221,0.0,0.0,37,0.0,,,0.0,28.63,AMBWeatherV3.0.3,2018-11-04 23:44:53,KAZFLAGS163
201,2018-11-04 16:49:53,51.4,25.3,30.06,WSW,243,1.3,2.2,36,0.0,,,0.0,23.85,AMBWeatherV3.0.3,2018-11-04 23:49:53,KAZFLAGS163
202,2018-11-04 16:54:38,51.3,25.9,30.06,WSW,245,0.0,0.0,37,0.0,,,0.0,20.31,AMBWeatherV3.0.3,2018-11-04 23:54:38,KAZFLAGS163
203,2018-11-04 16:59:33,50.9,26.2,30.06,WSW,246,0.0,0.0,38,0.0,,,0.0,15.17,AMBWeatherV3.0.3,2018-11-04 23:59:33,KAZFLAGS163
204,2018-11-04 17:04:37,50.5,26.6,30.06,WSW,246,0.0,0.0,39,0.0,,,0.0,11.62,AMBWeatherV3.0.3,2018-11-05 00:04:37,KAZFLAGS163
205,2018-11-04 17:09:38,50.2,26.2,30.06,WSW,246,0.0,0.0,39,0.0,,,0.0,9.54,AMBWeatherV3.0.3,2018-11-05 00:09:38,KAZFLAGS163
206,2018-11-04 17:14:38,49.8,26.4,30.06,WSW,246,0.0,0.0,40,0.0,,,0.0,6.48,AMBWeatherV3.0.3,2018-11-05 00:14:38,KAZFLAGS163
207,2018-11-04 17:19:49,49.3,26.6,30.07,WSW,246,0.0,0.0,41,0.0,,,0.0,4.28,AMBWeatherV3.0.3,2018-11-05 00:19:49,KAZFLAGS163
208,2018-11-04 17:24:37,48.9,26.2,30.06,WSW,246,0.0,0.0,41,0.0,,,0.0,1.71,AMBWeatherV3.0.3,2018-11-05 00:24:37,KAZFLAGS163
209,2018-11-04 17:29:53,48.4,27.5,30.06,WSW,246,0.0,0.0,44,0.0,,,0.0,0.36,AMBWeatherV3.0.3,2018-11-05 00:29:53,KAZFLAGS163
210,2018-11-04 17:34:31,47.7,27.3,30.06,WSW,246,0.0,0.0,45,0.0,,,0.0,0.0,AMBWeatherV3.0.3,2018-11-05 00:34:31,KAZFLAGS163
211,2018-11-04 17:39:48,46.9,26.2,30.06,WSW,246,0.0,0.0,44,0.0,,,0.0,0.0,AMBWeatherV3.0.3,2018-11-05 00:39:48,KAZFLAGS163
212,2018-11-04 17:44:37,46.8,26.6,30.06,WSW,246,0.0,0.0,45,0.0,,,0.0,0.0,AMBWeatherV3.0.3,2018-11-05 00:44:37,KAZFLAGS163
213,2018-11-04 17:49:38,46.4,26.2,30.06,WSW,246,0.0,0.0,45,0.0,,,0.0,0.0,AMBWeatherV3.0.3,2018-11-05 00:49:38,KAZFLAGS163
214,2018-11-04 17:54:38,46.2,26.1,30.07,WSW,246,0.0,0.0,45,0.0,,,0.0,0.0,AMBWeatherV3.0.3,2018-11-05 00:54:38,KAZFLAGS163
215,2018-11-04 17:59:33,46.2,25.5,30.06,WSW,246,0.0,0.0,44,0.0,,,0.0,0.0,AMBWeatherV3.0.3,2018-11-05 00:59:33,KAZFLAGS163
216,2018-11-04 18:04:37,46.0,25.9,30.07,WSW,246,0.0,0.0,45,0.0,,,0.0,0.0,AMBWeatherV3.0.3,2018-11-05 01:04:37,KAZFLAGS163
217,2018-11-04 18:09:53,45.0,25.9,30.07,WSW,246,0.0,0.0,47,0.0,,,0.0,0.0,AMBWeatherV3.0.3,2018-11-05 01:09:53,KAZFLAGS163
218,2018-11-04 18:14:38,44.6,25.5,30.06,WSW,246,0.0,0.0,47,0.0,,,0.0,0.0,AMBWeatherV3.0.3,2018-11-05 01:14:38,KAZFLAGS163
219,2018-11-04 18:19:48,44.4,25.0,30.06,WSW,246,0.0,0.0,46,0.0,,,0.0,0.0,AMBWeatherV3.0.3,2018-11-05 01:19:48,KAZFLAGS163
220,2018-11-04 18:24:37,44.2,25.9,30.06,WSW,246,0.0,0.0,48,0.0,,,0.0,0.0,AMBWeatherV3.0.3,2018-11-05 01:24:37,KAZFLAGS163
221,2018-11-04 18:29:38,44.2,24.8,30.06,WSW,246,0.0,0.0,46,0.0,,,0.0,0.0,AMBWeatherV3.0.3,2018-11-05 01:29:38,KAZFLAGS163
222,2018-11-04 18:34:38,44.6,24.6,30.06,WSW,246,0.0,0.0,45,0.0,,,0.0,0.0,AMBWeatherV3.0.3,2018-11-05 01:34:38,KAZFLAGS163
223,2018-11-04 18:39:42,45.0,25.0,30.05,WSW,249,0.0,0.0,45,0.0,,,0.0,0.0,AMBWeatherV3.0.3,2018-11-05 01:39:42,KAZFLAGS163
224,2018-11-04 18:44:52,45.1,24.4,30.06,WSW,249,0.0,0.0,44,0.0,,,0.0,0.0,AMBWeatherV3.0.3,2018-11-05 01:44:52,KAZFLAGS163
225,2018-11-04 18:49:38,45.0,25.0,30.06,WSW,249,0.0,0.0,45,0.0,,,0.0,0.0,AMBWeatherV3.0.3,2018-11-05 01:49:38,KAZFLAGS163
226,2018-11-04 18:54:38,44.4,24.4,30.06,WSW,249,0.0,0.0,45,0.0,,,0.0,0.0,AMBWeatherV3.0.3,2018-11-05 01:54:38,KAZFLAGS163
227,2018-11-04 18:59:48,44.6,24.6,30.06,WSW,249,0.0,0.0,45,0.0,,,0.0,0.0,AMBWeatherV3.0.3,2018-11-05 01:59:48,KAZFLAGS163
228,2018-11-04 19:04:52,44.6,24.6,30.06,WSW,249,0.0,0.0,45,0.0,,,0.0,0.0,AMBWeatherV3.0.3,2018-11-05 02:04:52,KAZFLAGS163
229,2018-11-04 19:09:38,44.6,24.6,30.06,WSW,249,0.0,0.0,45,0.0,,,0.0,0.0,AMBWeatherV3.0.3,2018-11-05 02:09:38,KAZFLAGS163
230,2018-11-04 19:14:31,44.4,24.4,30.07,WSW,249,0.0,0.0,45,0.0,,,0.0,0.0,AMBWeatherV3.0.3,2018-11-05 02:14:31,KAZFLAGS163
231,2018-11-04 19:19:48,43.9,24.4,30.07,WSW,249,0.0,0.0,46,0.0,,,0.0,0.0,AMBWeatherV3.0.3,2018-11-05 02:19:48,KAZFLAGS163
232,2018-11-04 19:24:37,43.7,25.9,30.06,WSW,249,0.0,0.0,49,0.0,,,0.0,0.0,AMBWeatherV3.0.3,2018-11-05 02:24:37,KAZFLAGS163
233,2018-11-04 19:29:38,43.0,24.6,30.06,WSW,249,0.0,0.0,48,0.0,,,0.0,0.0,AMBWeatherV3.0.3,2018-11-05 02:29:38,KAZFLAGS163
234,2018-11-04 19:34:38,43.0,25.5,30.06,WSW,249,0.0,0.0,50,0.0,,,0.0,0.0,AMBWeatherV3.0.3,2018-11-05 02:34:38,KAZFLAGS163
235,2018-11-04 19:39:48,42.8,25.0,30.06,WSW,249,0.0,0.0,49,0.0,,,0.0,0.0,AMBWeatherV3.0.3,2018-11-05 02:39:48,KAZFLAGS163
236,2018-11-04 19:44:52,43.9,24.4,30.07,WSW,247,0.0,0.0,46,0.0,,,0.0,0.0,AMBWeatherV3.0.3,2018-11-05 02:44:52,KAZFLAGS163
237,2018-11-04 19:49:38,45.0,24.4,30.06,WSW,251,0.0,0.0,44,0.0,,,0.0,0.0,AMBWeatherV3.0.3,2018-11-05 02:49:38,KAZFLAGS163
238,2018-11-04 19:54:38,45.9,25.7,30.06,WSW,244,0.0,0.0,45,0.0,,,0.0,0.0,AMBWeatherV3.0.3,2018-11-05 02:54:38,KAZFLAGS163
239,2018-11-04 19:59:48,45.7,25.0,30.07,WSW,239,0.0,0.0,44,0.0,,,0.0,0.0,AMBWeatherV3.0.3,2018-11-05 02:59:48,KAZFLAGS163
240,2018-11-04 20:04:37,45.9,25.2,30.07,WSW,257,0.0,0.0,44,0.0,,,0.0,0.0,AMBWeatherV3.0.3,2018-11-05 03:04:37,KAZFLAGS163
241,2018-11-04 20:09:39,45.9,25.7,30.06,WSW,245,0.0,0.0,45,0.0,,,0.0,0.0,AMBWeatherV3.0.3,2018-11-05 03:09:39,KAZFLAGS163
242,2018-11-04 20:14:31,46.0,25.9,30.06,West,264,0.0,0.0,45,0.0,,,0.0,0.0,AMBWeatherV3.0.3,2018-11-05 03:14:31,KAZFLAGS163
243,2018-11-04 20:19:48,46.2,25.5,30.06,WSW,248,0.2,1.1,44,0.0,,,0.0,0.0,AMBWeatherV3.0.3,2018-11-05 03:19:48,KAZFLAGS163
244,2018-11-04 20:24:52,46.4,26.2,30.06,WSW,242,0.0,0.0,45,0.0,,,0.0,0.0,AMBWeatherV3.0.3,2018-11-05 03:24:52,KAZFLAGS163
245,2018-11-04 20:29:38,46.2,26.1,30.05,West,265,0.0,0.0,45,0.0,,,0.0,0.0,AMBWeatherV3.0.3,2018-11-05 03:29:38,KAZFLAGS163
246,2018-11-04 20:34:38,46.2,26.6,30.06,WSW,254,0.0,0.0,46,0.0,,,0.0,0.0,AMBWeatherV3.0.3,2018-11-05 03:34:38,KAZFLAGS163
247,2018-11-04 20:39:48,46.2,27.1,30.06,WSW,252,0.0,0.0,47,0.0,,,0.0,0.0,AMBWeatherV3.0.3,2018-11-05 03:39:48,KAZFLAGS163
248,2018-11-04 20:43:48,46.2,27.7,30.05,WSW,246,0.0,0.0,48,0.0,,,0.0,0.0,AMBWeatherV3.0.3,2018-11-05 03:43:48,KAZFLAGS163
249,2018-11-04 20:49:38,45.9,27.3,30.05,WSW,251,0.0,0.0,48,0.0,,,0.0,0.0,AMBWeatherV3.0.3,2018-11-05 03:49:38,KAZFLAGS163
250,2018-11-04 20:54:38,45.5,27.5,30.05,West,269,0.0,0.0,49,0.0,,,0.0,0.0,AMBWeatherV3.0.3,2018-11-05 03:54:38,KAZFLAGS163
251,2018-11-04 20:59:34,45.3,27.7,30.05,West,266,0.0,0.0,50,0.0,,,0.0,0.0,AMBWeatherV3.0.3,2018-11-05 03:59:34,KAZFLAGS163
252,2018-11-04 21:04:37,45.1,27.7,30.05,WSW,240,0.0,0.0,50,0.0,,,0.0,0.0,AMBWeatherV3.0.3,2018-11-05 04:04:37,KAZFLAGS163
253,2018-11-04 21:09:53,44.8,27.7,30.06,WSW,241,0.0,0.0,51,0.0,,,0.0,0.0,AMBWeatherV3.0.3,2018-11-05 04:09:53,KAZFLAGS163
254,2018-11-04 21:14:31,44.6,27.7,30.06,WSW,248,0.0,0.0,51,0.0,,,0.0,0.0,AMBWeatherV3.0.3,2018-11-05 04:14:31,KAZFLAGS163
255,2018-11-04 21:19:48,44.2,27.7,30.05,WSW,239,0.0,0.0,52,0.0,,,0.0,0.0,AMBWeatherV3.0.3,2018-11-05 04:19:48,KAZFLAGS163
256,2018-11-04 21:24:52,44.4,27.9,30.06,WSW,246,0.0,0.0,52,0.0,,,0.0,0.0,AMBWeatherV3.0.3,2018-11-05 04:24:52,KAZFLAGS163
257,2018-11-04 21:29:41,44.4,27.9,30.06,WSW,246,0.0,0.0,52,0.0,,,0.0,0.0,AMBWeatherV3.0.3,2018-11-05 04:29:41,KAZFLAGS163
258,2018-11-04 21:34:38,44.6,28.0,30.06,WSW,244,0.0,0.0,52,0.0,,,0.0,0.0,AMBWeatherV3.0.3,2018-11-05 04:34:38,KAZFLAGS163
259,2018-11-04 21:39:49,44.2,28.2,30.06,WSW,248,0.0,0.0,53,0.0,,,0.0,0.0,AMBWeatherV3.0.3,2018-11-05 04:39:49,KAZFLAGS163
260,2018-11-04 21:44:52,44.1,27.5,30.06,WSW,257,0.0,0.0,52,0.0,,,0.0,0.0,AMBWeatherV3.0.3,2018-11-05 04:44:52,KAZFLAGS163
261,2018-11-04 21:49:41,44.2,27.3,30.06,WSW,254,0.0,0.0,51,0.0,,,0.0,0.0,AMBWeatherV3.0.3,2018-11-05 04:49:41,KAZFLAGS163
262,2018-11-04 21:54:38,44.2,27.7,30.06,WSW,255,0.0,0.0,52,0.0,,,0.0,0.0,AMBWeatherV3.0.3,2018-11-05 04:54:38,KAZFLAGS163
263,2018-11-04 21:59:48,43.9,27.3,30.06,WSW,242,0.0,0.0,52,0.0,,,0.0,0.0,AMBWeatherV3.0.3,2018-11-05 04:59:48,KAZFLAGS163
264,2018-11-04 22:04:30,43.5,27.5,30.06,SW,235,0.0,0.0,53,0.0,,,0.0,0.0,AMBWeatherV3.0.3,2018-11-05 05:04:30,KAZFLAGS163
265,2018-11-04 22:09:34,42.8,27.3,30.06,West,259,0.0,0.0,54,0.0,,,0.0,0.0,AMBWeatherV3.0.3,2018-11-05 05:09:34,KAZFLAGS163
266,2018-11-04 22:14:38,42.6,27.5,30.06,WSW,256,0.0,0.0,55,0.0,,,0.0,0.0,AMBWeatherV3.0.3,2018-11-05 05:14:38,KAZFLAGS163
267,2018-11-04 22:19:33,43.0,27.9,30.06,WSW,254,0.0,0.0,55,0.0,,,0.0,0.0,AMBWeatherV3.0.3,2018-11-05 05:19:33,KAZFLAGS163
268,2018-11-04 22:24:37,42.4,27.0,30.05,WSW,254,0.0,0.0,54,0.0,,,0.0,0.0,AMBWeatherV3.0.3,2018-11-05 05:24:37,KAZFLAGS163
269,2018-11-04 22:29:41,42.6,27.1,30.06,WSW,246,0.0,0.0,54,0.0,,,0.0,0.0,AMBWeatherV3.0.3,2018-11-05 05:29:41,KAZFLAGS163
270,2018-11-04 22:34:38,42.4,27.0,30.06,WSW,246,0.0,0.0,54,0.0,,,0.0,0.0,AMBWeatherV3.0.3,2018-11-05 05:34:38,KAZFLAGS163
271,2018-11-04 22:39:33,42.3,27.3,30.06,WSW,247,0.0,0.0,55,0.0,,,0.0,0.0,AMBWeatherV3.0.3,2018-11-05 05:39:33,KAZFLAGS163
272,2018-11-04 22:44:53,42.3,27.3,30.05,WSW,237,0.0,0.0,55,0.0,,,0.0,0.0,AMBWeatherV3.0.3,2018-11-05 05:44:53,KAZFLAGS163
273,2018-11-04 22:49:41,42.1,27.9,30.05,WSW,243,0.0,0.0,57,0.0,,,0.0,0.0,AMBWeatherV3.0.3,2018-11-05 05:49:41,KAZFLAGS163
274,2018-11-04 22:54:38,41.4,26.8,30.05,WSW,252,0.0,0.0,56,0.0,,,0.0,0.0,AMBWeatherV3.0.3,2018-11-05 05:54:38,KAZFLAGS163
275,2018-11-04 22:59:48,41.5,27.5,30.06,WSW,248,0.0,0.0,57,0.0,,,0.0,0.0,AMBWeatherV3.0.3,2018-11-05 05:59:48,KAZFLAGS163
276,2018-11-04 23:04:52,41.7,27.1,30.05,WSW,255,0.0,0.0,56,0.0,,,0.0,0.0,AMBWeatherV3.0.3,2018-11-05 06:04:52,KAZFLAGS163
277,2018-11-04 23:09:41,41.5,27.5,30.06,WSW,248,0.0,0.0,57,0.0,,,0.0,0.0,AMBWeatherV3.0.3,2018-11-05 06:09:41,KAZFLAGS163
278,2018-11-04 23:14:38,41.4,26.8,30.06,WSW,241,0.0,0.0,56,0.0,,,0.0,0.0,AMBWeatherV3.0.3,2018-11-05 06:14:38,KAZFLAGS163
279,2018-11-04 23:19:33,41.5,27.5,30.06,WSW,248,0.0,0.0,57,0.0,,,0.0,0.0,AMBWeatherV3.0.3,2018-11-05 06:19:33,KAZFLAGS163
280,2018-11-04 23:24:52,40.8,26.4,30.06,WSW,250,0.0,0.0,56,0.0,,,0.0,0.0,AMBWeatherV3.0.3,2018-11-05 06:24:52,KAZFLAGS163
281,2018-11-04 23:29:41,40.8,26.8,30.06,WSW,251,0.0,0.0,57,0.0,,,0.0,0.0,AMBWeatherV3.0.3,2018-11-05 06:29:41,KAZFLAGS163
282,2018-11-04 23:34:38,40.6,26.2,30.05,WSW,241,0.0,0.0,56,0.0,,,0.0,0.0,AMBWeatherV3.0.3,2018-11-05 06:34:38,KAZFLAGS163
283,2018-11-04 23:39:48,40.8,25.5,30.05,West,265,0.0,0.0,54,0.0,,,0.0,0.0,AMBWeatherV3.0.3,2018-11-05 06:39:48,KAZFLAGS163
284,2018-11-04 23:44:13,41.0,25.2,30.05,WSW,251,0.0,0.0,53,0.0,,,0.0,0.0,AMBWeatherV3.0.3,2018-11-05 06:44:13,KAZFLAGS163
285,2018-11-04 23:49:01,40.8,25.5,30.05,West,260,0.0,0.0,54,0.0,,,0.0,0.0,AMBWeatherV3.0.3,2018-11-05 06:49:01,KAZFLAGS163
286,2018-11-04 23:54:38,41.2,25.3,30.05,SW,236,0.0,0.0,53,0.0,,,0.0,0.0,AMBWeatherV3.0.3,2018-11-05 06:54:38,KAZFLAGS163
287,2018-11-04 23:59:48,41.2,24.4,30.05,West,266,0.0,0.0,51,0.0,,,0.0,0.0,AMBWeatherV3.0.3,2018-11-05 06:59:48,KAZFLAGS163
0,2018-11-05 00:04:52,41.9,24.1,30.04,WSW,251,0.0,0.0,49,0.0,,,0.0,0.0,AMBWeatherV3.0.3,2018-11-05 07:04:52,KAZFLAGS163
1,2018-11-05 00:09:53,41.9,23.7,30.05,SW,227,0.0,0.0,48,0.0,,,0.0,0.0,AMBWeatherV3.0.3,2018-11-05 07:09:53,KAZFLAGS163
2,2018-11-05 00:14:38,42.3,23.9,30.04,SW,227,0.0,0.0,48,0.0,,,0.0,0.0,AMBWeatherV3.0.3,2018-11-05 07:14:38,KAZFLAGS163
3,2018-11-05 00:19:48,42.4,24.1,30.04,SW,233,0.0,0.0,48,0.0,,,0.0,0.0,AMBWeatherV3.0.3,2018-11-05 07:19:48,KAZFLAGS163
4,2018-11-05 00:24:37,42.3,23.9,30.04,WSW,251,0.0,0.0,48,0.0,,,0.0,0.0,AMBWeatherV3.0.3,2018-11-05 07:24:37,KAZFLAGS163
5,2018-11-05 00:29:38,42.3,23.4,30.04,WSW,241,0.0,0.0,47,0.0,,,0.0,0.0,AMBWeatherV3.0.3,2018-11-05 07:29:38,KAZFLAGS163
6,2018-11-05 00:34:38,42.3,23.4,30.04,WSW,238,0.0,0.0,47,0.0,,,0.0,0.0,AMBWeatherV3.0.3,2018-11-05 07:34:38,KAZFLAGS163
7,2018-11-05 00:39:48,42.4,23.5,30.04,WSW,241,0.0,0.0,47,0.0,,,0.0,0.0,AMBWeatherV3.0.3,2018-11-05 07:39:48,KAZFLAGS163
8,2018-11-05 00:44:52,42.6,23.4,30.04,WSW,237,0.0,0.0,46,0.0,,,0.0,0.0,AMBWeatherV3.0.3,2018-11-05 07:44:52,KAZFLAGS163
9,2018-11-05 00:49:53,42.4,23.5,30.04,SW,230,0.0,0.0,47,0.0,,,0.0,0.0,AMBWeatherV3.0.3,2018-11-05 07:49:53,KAZFLAGS163
10,2018-11-05 00:54:54,42.6,23.4,30.05,SW,236,0.0,0.0,46,0.0,,,0.0,0.0,AMBWeatherV3.0.3,2018-11-05 07:54:54,KAZFLAGS163
11,2018-11-05 00:59:48,42.4,23.2,30.04,WSW,242,0.7,3.4,46,0.0,,,0.0,0.0,AMBWeatherV3.0.3,2018-11-05 07:59:48,KAZFLAGS163
12,2018-11-05 01:04:52,42.6,22.8,30.04,WSW,250,0.0,0.0,45,0.0,,,0.0,0.0,AMBWeatherV3.0.3,2018-11-05 08:04:52,KAZFLAGS163
13,2018-11-05 01:09:53,42.6,23.4,30.04,WSW,243,0.0,0.0,46,0.0,,,0.0,0.0,AMBWeatherV3.0.3,2018-11-05 08:09:53,KAZFLAGS163
14,2018-11-05 01:14:38,42.6,22.8,30.04,NW,314,0.0,0.0,45,0.0,,,0.0,0.0,AMBWeatherV3.0.3,2018-11-05 08:14:38,KAZFLAGS163
15,2018-11-05 01:19:26,42.8,23.0,30.04,WSW,247,0.0,0.0,45,0.0,,,0.0,0.0,AMBWeatherV3.0.3,2018-11-05 08:19:26,KAZFLAGS163
16,2018-11-05 01:24:53,42.8,23.0,30.05,WSW,242,0.0,0.0,45,0.0,,,0.0,0.0,AMBWeatherV3.0.3,2018-11-05 08:24:53,KAZFLAGS163
17,2018-11-05 01:29:18,43.0,22.6,30.05,WSW,256,0.7,1.1,44,0.0,,,0.0,0.0,AMBWeatherV3.0.3,2018-11-05 08:29:18,KAZFLAGS163
18,2018-11-05 01:34:38,43.2,22.1,30.04,WSW,244,0.2,1.1,43,0.0,,,0.0,0.0,AMBWeatherV3.0.3,2018-11-05 08:34:38,KAZFLAGS163
19,2018-11-05 01:39:48,43.2,22.6,30.04,WSW,249,0.4,2.2,44,0.0,,,0.0,0.0,AMBWeatherV3.0.3,2018-11-05 08:39:48,KAZFLAGS163
20,2018-11-05 01:44:30,43.0,22.6,30.04,SW,218,0.7,2.2,44,0.0,,,0.0,0.0,AMBWeatherV3.0.3,2018-11-05 08:44:30,KAZFLAGS163
21,2018-11-05 01:49:31,43.0,23.2,30.04,West,269,0.0,0.0,45,0.0,,,0.0,0.0,AMBWeatherV3.0.3,2018-11-05 08:49:31,KAZFLAGS163
22,2018-11-05 01:54:54,43.0,22.6,30.04,SW,235,0.0,0.0,44,0.0,,,0.0,0.0,AMBWeatherV3.0.3,2018-11-05 08:54:54,KAZFLAGS163
23,2018-11-05 01:59:48,43.0,22.6,30.04,West,268,0.0,0.0,44,0.0,,,0.0,0.0,AMBWeatherV3.0.3,2018-11-05 08:59:48,KAZFLAGS163
24,2018-11-05 02:04:52,43.2,22.6,30.04,WSW,252,0.0,0.0,44,0.0,,,0.0,0.0,AMBWeatherV3.0.3,2018-11-05 09:04:52,KAZFLAGS163
25,2018-11-05 02:09:31,43.2,23.2,30.04,WSW,239,0.0,0.0,45,0.0,,,0.0,0.0,AMBWeatherV3.0.3,2018-11-05 09:09:31,KAZFLAGS163
26,2018-11-05 02:14:54,43.0,22.6,30.04,SW,231,0.0,0.0,44,0.0,,,0.0,0.0,AMBWeatherV3.0.3,2018-11-05 09:14:54,KAZFLAGS163
27,2018-11-05 02:19:26,43.0,23.2,30.04,WSW,248,0.0,0.0,45,0.0,,,0.0,0.0,AMBWeatherV3.0.3,2018-11-05 09:19:26,KAZFLAGS163
28,2018-11-05 02:24:37,43.0,23.2,30.03,West,278,0.0,0.0,45,0.0,,,0.0,0.0,AMBWeatherV3.0.3,2018-11-05 09:24:37,KAZFLAGS163
29,2018-11-05 02:29:34,42.8,23.0,30.03,WSW,238,0.0,0.0,45,0.0,,,0.0,0.0,AMBWeatherV3.0.3,2018-11-05 09:29:34,KAZFLAGS163
30,2018-11-05 02:34:54,42.6,22.8,30.02,West,268,0.0,0.0,45,0.0,,,0.0,0.0,AMBWeatherV3.0.3,2018-11-05 09:34:54,KAZFLAGS163
31,2018-11-05 02:39:26,42.6,22.8,30.03,WSW,246,0.0,0.0,45,0.0,,,0.0,0.0,AMBWeatherV3.0.3,2018-11-05 09:39:26,KAZFLAGS163
32,2018-11-05 02:44:53,42.4,22.6,30.03,WNW,291,0.0,0.0,45,0.0,,,0.0,0.0,AMBWeatherV3.0.3,2018-11-05 09:44:53,KAZFLAGS163
33,2018-11-05 02:49:41,42.6,22.8,30.04,WSW,252,0.0,0.0,45,0.0,,,0.0,0.0,AMBWeatherV3.0.3,2018-11-05 09:49:41,KAZFLAGS163
34,2018-11-05 02:54:31,42.6,22.8,30.03,WSW,257,0.0,0.0,45,0.0,,,0.0,0.0,AMBWeatherV3.0.3,2018-11-05 09:54:31,KAZFLAGS163
35,2018-11-05 02:59:33,42.6,22.3,30.03,WSW,243,0.0,0.0,44,0.0,,,0.0,0.0,AMBWeatherV3.0.3,2018-11-05 09:59:33,KAZFLAGS163
36,2018-11-05 03:04:52,42.4,23.2,30.03,WNW,295,0.0,0.0,46,0.0,,,0.0,0.0,AMBWeatherV3.0.3,2018-11-05 10:04:52,KAZFLAGS163
37,2018-11-05 03:09:34,42.3,22.5,30.03,WSW,240,0.0,0.0,45,0.0,,,0.0,0.0,AMBWeatherV3.0.3,2018-11-05 10:09:34,KAZFLAGS163
38,2018-11-05 03:14:38,42.1,22.3,30.03,WSW,250,0.0,0.0,45,0.0,,,0.0,0.0,AMBWeatherV3.0.3,2018-11-05 10:14:38,KAZFLAGS163
39,2018-11-05 03:19:33,42.3,22.5,30.03,West,267,0.0,0.0,45,0.0,,,0.0,0.0,AMBWeatherV3.0.3,2018-11-05 10:19:33,KAZFLAGS163
40,2018-11-05 03:24:52,42.3,23.0,30.02,West,265,0.0,0.0,46,0.0,,,0.0,0.0,AMBWeatherV3.0.3,2018-11-05 10:24:52,KAZFLAGS163
41,2018-11-05 03:29:41,41.9,22.6,30.03,West,262,0.0,0.0,46,0.0,,,0.0,0.0,AMBWeatherV3.0.3,2018-11-05 10:29:41,KAZFLAGS163
42,2018-11-05 03:34:38,41.7,22.5,30.03,SW,233,0.0,0.0,46,0.0,,,0.0,0.0,AMBWeatherV3.0.3,2018-11-05 10:34:38,KAZFLAGS163
43,2018-11-05 03:39:48,41.7,23.0,30.03,WSW,237,0.0,0.0,47,0.0,,,0.0,0.0,AMBWeatherV3.0.3,2018-11-05 10:39:48,KAZFLAGS163
44,2018-11-05 03:44:53,41.7,22.5,30.03,WSW,246,0.0,0.0,46,0.0,,,0.0,0.0,AMBWeatherV3.0.3,2018-11-05 10:44:53,KAZFLAGS163
45,2018-11-05 03:49:41,41.9,22.6,30.02,West,267,0.0,0.0,46,0.0,,,0.0,0.0,AMBWeatherV3.0.3,2018-11-05 10:49:41,KAZFLAGS163
46,2018-11-05 03:54:38,41.7,23.0,30.03,West,261,0.0,0.0,47,0.0,,,0.0,0.0,AMBWeatherV3.0.3,2018-11-05 10:54:38,KAZFLAGS163
47,2018-11-05 03:59:48,41.7,23.0,30.02,WSW,241,0.0,0.0,47,0.0,,,0.0,0.0,AMBWeatherV3.0.3,2018-11-05 10:59:48,KAZFLAGS163
48,2018-11-05 04:04:37,41.7,23.0,30.03,West,275,0.0,0.0,47,0.0,,,0.0,0.0,AMBWeatherV3.0.3,2018-11-05 11:04:37,KAZFLAGS163
49,2018-11-05 04:09:41,41.5,22.3,30.02,WSW,241,0.0,0.0,46,0.0,,,0.0,0.0,AMBWeatherV3.0.3,2018-11-05 11:09:41,KAZFLAGS163
50,2018-11-05 04:14:38,41.7,22.5,30.03,WSW,248,0.0,0.0,46,0.0,,,0.0,0.0,AMBWeatherV3.0.3,2018-11-05 11:14:38,KAZFLAGS163
51,2018-11-05 04:19:48,41.7,22.5,30.02,WSW,243,0.0,0.0,46,0.0,,,0.0,0.0,AMBWeatherV3.0.3,2018-11-05 11:19:48,KAZFLAGS163
52,2018-11-05 04:24:46,41.4,22.1,30.03,WSW,248,0.0,0.0,46,0.0,,,0.0,0.0,AMBWeatherV3.0.3,2018-11-05 11:24:46,KAZFLAGS163
53,2018-11-05 04:29:41,41.5,22.8,30.03,WSW,244,0.0,0.0,47,0.0,,,0.0,0.0,AMBWeatherV3.0.3,2018-11-05 11:29:41,KAZFLAGS163
54,2018-11-05 04:34:54,41.2,23.5,30.03,WSW,239,0.0,0.0,49,0.0,,,0.0,0.0,AMBWeatherV3.0.3,2018-11-05 11:34:54,KAZFLAGS163
55,2018-11-05 04:39:48,41.0,22.8,30.02,WSW,238,0.0,0.0,48,0.0,,,0.0,0.0,AMBWeatherV3.0.3,2018-11-05 11:39:48,KAZFLAGS163
56,2018-11-05 04:44:37,40.8,23.2,30.02,WSW,243,0.0,0.0,49,0.0,,,0.0,0.0,AMBWeatherV3.0.3,2018-11-05 11:44:37,KAZFLAGS163
57,2018-11-05 04:49:41,40.6,22.5,30.02,WSW,244,0.0,0.0,48,0.0,,,0.0,0.0,AMBWeatherV3.0.3,2018-11-05 11:49:41,KAZFLAGS163
58,2018-11-05 04:54:54,40.8,22.1,30.02,SW,227,0.0,0.0,47,0.0,,,0.0,0.0,AMBWeatherV3.0.3,2018-11-05 11:54:54,KAZFLAGS163
59,2018-11-05 04:59:26,41.4,22.1,30.02,WSW,239,1.1,4.5,46,0.0,,,0.0,0.0,AMBWeatherV3.0.3,2018-11-05 11:59:26,KAZFLAGS163
60,2018-11-05 05:04:37,41.9,22.1,30.02,WSW,239,2.0,4.5,45,0.0,,,0.0,0.0,AMBWeatherV3.0.3,2018-11-05 12:04:37,KAZFLAGS163
61,2018-11-05 05:08:37,42.1,22.3,30.02,West,259,0.0,0.0,45,0.0,,,0.0,0.0,AMBWeatherV3.0.3,2018-11-05 12:08:37,KAZFLAGS163
62,2018-11-05 05:14:22,42.1,22.8,30.02,WSW,246,0.7,2.2,46,0.0,,,0.0,0.0,AMBWeatherV3.0.3,2018-11-05 12:14:22,KAZFLAGS163
63,2018-11-05 05:19:49,42.1,22.3,30.02,WSW,243,0.0,0.0,45,0.0,,,0.0,0.0,AMBWeatherV3.0.3,2018-11-05 12:19:49,KAZFLAGS163
64,2018-11-05 05:24:37,42.1,22.3,30.02,WSW,240,0.2,1.1,45,0.0,,,0.0,0.0,AMBWeatherV3.0.3,2018-11-05 12:24:37,KAZFLAGS163
65,2018-11-05 05:29:41,42.1,22.3,30.02,WSW,240,0.0,0.0,45,0.0,,,0.0,0.0,AMBWeatherV3.0.3,2018-11-05 12:29:41,KAZFLAGS163
66,2018-11-05 05:34:31,42.1,22.3,30.03,WSW,237,0.0,0.0,45,0.0,,,0.0,0.0,AMBWeatherV3.0.3,2018-11-05 12:34:31,KAZFLAGS163
67,2018-11-05 05:39:25,42.1,22.3,30.02,WSW,238,1.8,3.4,45,0.0,,,0.0,0.0,AMBWeatherV3.0.3,2018-11-05 12:39:25,KAZFLAGS163
68,2018-11-05 05:44:52,42.1,22.8,30.03,SW,236,0.0,0.0,46,0.0,,,0.0,0.0,AMBWeatherV3.0.3,2018-11-05 12:44:52,KAZFLAGS163
69,2018-11-05 05:49:51,42.1,22.8,30.03,WSW,239,0.0,0.0,46,0.0,,,0.0,0.0,AMBWeatherV3.0.3,2018-11-05 12:49:51,KAZFLAGS163
70,2018-11-05 05:54:31,42.1,23.2,30.03,WSW,240,0.0,0.0,47,0.0,,,0.0,0.0,AMBWeatherV3.0.3,2018-11-05 12:54:31,KAZFLAGS163
71,2018-11-05 05:59:48,41.9,22.6,30.02,WSW,244,0.4,1.1,46,0.0,,,0.0,0.0,AMBWeatherV3.0.3,2018-11-05 12:59:48,KAZFLAGS163
72,2018-11-05 06:04:52,41.9,23.2,30.03,WSW,243,0.0,0.0,47,0.0,,,0.0,0.0,AMBWeatherV3.0.3,2018-11-05 13:04:52,KAZFLAGS163
73,2018-11-05 06:09:41,41.7,23.0,30.02,WSW,250,0.0,0.0,47,0.0,,,0.0,0.0,AMBWeatherV3.0.3,2018-11-05 13:09:41,KAZFLAGS163
74,2018-11-05 06:14:53,41.4,22.6,30.02,SW,236,2.2,2.2,47,0.0,,,0.0,0.0,AMBWeatherV3.0.3,2018-11-05 13:14:53,KAZFLAGS163
75,2018-11-05 06:19:33,41.4,22.6,30.03,WSW,239,2.5,3.4,47,0.0,,,0.0,0.0,AMBWeatherV3.0.3,2018-11-05 13:19:33,KAZFLAGS163
76,2018-11-05 06:24:53,41.0,23.4,30.03,WSW,249,0.0,0.0,49,0.0,,,0.0,0.0,AMBWeatherV3.0.3,2018-11-05 13:24:53,KAZFLAGS163
77,2018-11-05 06:29:41,40.8,22.6,30.03,WSW,239,0.0,0.0,48,0.0,,,0.0,0.0,AMBWeatherV3.0.3,2018-11-05 13:29:41,KAZFLAGS163
78,2018-11-05 06:34:21,40.8,22.1,30.03,WSW,247,0.0,0.0,47,0.0,,,0.0,0.0,AMBWeatherV3.0.3,2018-11-05 13:34:21,KAZFLAGS163
79,2018-11-05 06:38:53,40.6,22.5,30.03,SW,236,0.0,0.0,48,0.0,,,0.0,0.0,AMBWeatherV3.0.3,2018-11-05 13:38:53,KAZFLAGS163
80,2018-11-05 06:44:52,40.8,23.2,30.03,WSW,244,0.0,0.0,49,0.0,,,0.0,0.0,AMBWeatherV3.0.3,2018-11-05 13:44:52,KAZFLAGS163
81,2018-11-05 06:49:41,40.8,23.2,30.03,WSW,256,0.0,0.0,49,0.0,,,0.0,0.0,AMBWeatherV3.0.3,2018-11-05 13:49:41,KAZFLAGS163
82,2018-11-05 06:54:54,40.5,22.8,30.03,WSW,240,0.0,0.0,49,0.0,,,0.0,2.08,AMBWeatherV3.0.3,2018-11-05 13:54:54,KAZFLAGS163
83,2018-11-05 06:59:48,40.6,23.4,30.03,WSW,248,0.0,0.0,50,0.0,,,0.0,3.79,AMBWeatherV3.0.3,2018-11-05 13:59:48,KAZFLAGS163
84,2018-11-05 07:04:37,40.6,23.0,30.03,WSW,248,0.0,0.0,49,0.0,,,0.0,7.34,AMBWeatherV3.0.3,2018-11-05 14:04:37,KAZFLAGS163
85,2018-11-05 07:09:17,41.0,23.4,30.04,SW,233,0.0,0.0,49,0.0,,,0.0,12.11,AMBWeatherV3.0.3,2018-11-05 14:09:17,KAZFLAGS163
86,2018-11-05 07:14:38,41.2,23.0,30.04,WSW,242,0.0,0.0,48,0.0,,,0.0,15.53,AMBWeatherV3.0.3,2018-11-05 14:14:38,KAZFLAGS163
87,2018-11-05 07:19:48,41.2,23.0,30.03,WSW,240,0.0,0.0,48,0.0,,,0.0,20.8,AMBWeatherV3.0.3,2018-11-05 14:19:48,KAZFLAGS163
88,2018-11-05 07:24:52,41.4,23.2,30.04,WSW,246,0.0,0.0,48,0.0,,,0.0,25.56,AMBWeatherV3.0.3,2018-11-05 14:24:52,KAZFLAGS163
89,2018-11-05 07:29:17,41.5,23.4,30.04,WSW,245,0.0,0.0,48,0.0,,,0.0,28.99,AMBWeatherV3.0.3,2018-11-05 14:29:17,KAZFLAGS163
90,2018-11-05 07:34:38,41.5,23.7,30.04,WSW,239,0.0,0.0,49,0.0,,,0.0,32.42,AMBWeatherV3.0.3,2018-11-05 14:34:38,KAZFLAGS163
91,2018-11-05 07:39:32,41.7,23.9,30.04,WSW,241,0.0,0.0,49,0.0,,,0.0,37.19,AMBWeatherV3.0.3,2018-11-05 14:39:32,KAZFLAGS163
92,2018-11-05 07:44:52,41.7,24.4,30.04,WSW,253,0.0,0.0,50,0.0,,,0.0,43.31,AMBWeatherV3.0.3,2018-11-05 14:44:52,KAZFLAGS163
93,2018-11-05 07:49:33,41.5,23.7,30.04,WSW,240,0.0,0.0,49,0.0,,,0.0,47.71,AMBWeatherV3.0.3,2018-11-05 14:49:33,KAZFLAGS163
94,2018-11-05 07:54:31,41.9,24.1,30.05,WSW,241,0.0,0.0,49,0.0,,,0.0,43.8,AMBWeatherV3.0.3,2018-11-05 14:54:31,KAZFLAGS163
95,2018-11-05 07:59:48,42.3,25.5,30.04,WSW,240,0.0,0.0,51,0.0,,,0.0,42.45,AMBWeatherV3.0.3,2018-11-05 14:59:48,KAZFLAGS163
96,2018-11-05 08:04:45,42.6,23.7,30.04,WSW,241,0.0,0.0,47,0.0,,,0.0,50.28,AMBWeatherV3.0.3,2018-11-05 15:04:45,KAZFLAGS163
97,2018-11-05 08:09:41,43.5,25.2,30.04,SW,231,0.0,0.0,48,0.0,,,0.0,104.1,AMBWeatherV3.0.3,2018-11-05 15:09:41,KAZFLAGS163
98,2018-11-05 08:14:21,44.2,25.9,30.06,WSW,251,0.0,0.0,48,0.0,,,0.0,98.36,AMBWeatherV3.0.3,2018-11-05 15:14:21,KAZFLAGS163
99,2018-11-05 08:19:32,44.4,25.9,30.06,SW,235,0.0,0.0,48,0.0,,,0.0,104.96,AMBWeatherV3.0.3,2018-11-05 15:19:32,KAZFLAGS163
100,2018-11-05 08:24:36,44.6,26.1,30.05,SW,216,0.0,0.0,48,0.0,,,0.0,133.95,AMBWeatherV3.0.3,2018-11-05 15:24:36,KAZFLAGS163
101,2018-11-05 08:29:41,45.3,26.8,30.05,WSW,243,0.0,0.0,48,0.0,,,0.0,149.98,AMBWeatherV3.0.3,2018-11-05 15:29:41,KAZFLAGS163
102,2018-11-05 08:34:54,46.4,25.7,30.06,WSW,244,0.0,0.0,44,0.0,,,0.0,160.87,AMBWeatherV3.0.3,2018-11-05 15:34:54,KAZFLAGS163
103,2018-11-05 08:39:48,47.1,25.9,30.06,West,268,0.0,0.0,43,0.0,,,0.0,136.65,AMBWeatherV3.0.3,2018-11-05 15:39:48,KAZFLAGS163
104,2018-11-05 08:44:45,47.7,25.7,30.06,WSW,237,0.0,0.0,42,0.0,,,0.0,174.81,AMBWeatherV3.0.3,2018-11-05 15:44:45,KAZFLAGS163
105,2018-11-05 08:49:33,48.2,25.7,30.05,WSW,239,0.0,0.0,41,0.0,,,0.0,206.87,AMBWeatherV3.0.3,2018-11-05 15:49:33,KAZFLAGS163
106,2018-11-05 08:54:53,48.2,26.2,30.05,West,266,0.0,0.0,42,0.0,,,0.0,218.12,AMBWeatherV3.0.3,2018-11-05 15:54:53,KAZFLAGS163
107,2018-11-05 08:59:32,48.7,26.6,30.06,WSW,241,0.0,0.0,42,0.0,,,0.0,230.24,AMBWeatherV3.0.3,2018-11-05 15:59:32,KAZFLAGS163
108,2018-11-05 09:04:36,49.5,26.8,30.06,SW,231,0.0,0.0,41,0.0,,,0.0,273.66,AMBWeatherV3.0.3,2018-11-05 16:04:36,KAZFLAGS163
109,2018-11-05 09:09:41,50.2,26.2,30.06,SW,232,0.0,0.0,39,0.0,,,0.0,279.29,AMBWeatherV3.0.3,2018-11-05 16:09:41,KAZFLAGS163
110,2018-11-05 09:14:53,50.9,26.2,30.07,WSW,239,0.0,0.0,38,0.0,,,0.0,317.1,AMBWeatherV3.0.3,2018-11-05 16:14:53,KAZFLAGS163
111,2018-11-05 09:19:48,51.1,26.4,30.06,WSW,247,0.0,0.0,38,0.0,,,0.0,310.12,AMBWeatherV3.0.3,2018-11-05 16:19:48,KAZFLAGS163
112,2018-11-05 09:24:52,51.3,26.6,30.05,West,271,0.0,0.0,38,0.0,,,0.0,330.06,AMBWeatherV3.0.3,2018-11-05 16:24:52,KAZFLAGS163
113,2018-11-05 09:29:33,51.8,27.0,30.06,SW,236,0.0,0.0,38,0.0,,,0.0,330.92,AMBWeatherV3.0.3,2018-11-05 16:29:33,KAZFLAGS163
114,2018-11-05 09:34:54,52.3,27.5,30.06,WSW,246,0.0,0.0,38,0.0,,,0.0,342.17,AMBWeatherV3.0.3,2018-11-05 16:34:54,KAZFLAGS163
115,2018-11-05 09:39:32,52.3,27.5,30.05,SW,230,0.0,0.0,38,0.0,,,0.0,408.6,AMBWeatherV3.0.3,2018-11-05 16:39:32,KAZFLAGS163
116,2018-11-05 09:44:29,53.6,26.6,30.05,SW,216,0.0,0.0,35,0.0,,,0.0,406.03,AMBWeatherV3.0.3,2018-11-05 16:44:29,KAZFLAGS163
117,2018-11-05 09:49:40,53.2,27.0,30.07,WSW,246,0.0,0.0,36,0.0,,,0.0,380.34,AMBWeatherV3.0.3,2018-11-05 16:49:40,KAZFLAGS163
118,2018-11-05 09:54:38,53.2,27.0,30.06,WSW,252,0.0,0.0,36,0.0,,,0.0,432.94,AMBWeatherV3.0.3,2018-11-05 16:54:38,KAZFLAGS163
119,2018-11-05 09:59:41,53.2,27.7,30.06,WSW,239,0.0,0.0,37,0.0,,,0.0,468.42,AMBWeatherV3.0.3,2018-11-05 16:59:41,KAZFLAGS163
120,2018-11-05 10:04:29,54.1,27.9,30.06,WSW,258,0.0,0.0,36,0.0,,,0.0,482.37,AMBWeatherV3.0.3,2018-11-05 17:04:29,KAZFLAGS163
121,2018-11-05 10:09:33,54.1,27.9,30.06,South,178,0.0,0.0,36,0.0,,,0.0,508.79,AMBWeatherV3.0.3,2018-11-05 17:09:33,KAZFLAGS163
122,2018-11-05 10:14:38,54.3,28.0,30.07,WSW,248,2.2,3.4,36,0.0,,,0.0,530.45,AMBWeatherV3.0.3,2018-11-05 17:14:38,KAZFLAGS163
123,2018-11-05 10:19:48,54.0,28.9,30.06,SW,226,1.1,2.2,38,0.0,,,0.0,548.67,AMBWeatherV3.0.3,2018-11-05 17:19:48,KAZFLAGS163
124,2018-11-05 10:24:51,54.5,28.0,30.06,West,272,3.6,4.5,36,0.0,,,0.0,560.06,AMBWeatherV3.0.3,2018-11-05 17:24:51,KAZFLAGS163
125,2018-11-05 10:29:40,55.4,28.9,30.05,West,264,0.0,0.0,36,0.0,,,0.0,578.16,AMBWeatherV3.0.3,2018-11-05 17:29:40,KAZFLAGS163
126,2018-11-05 10:34:31,55.9,28.8,30.05,WSW,251,0.0,0.0,35,0.0,,,0.0,589.53,AMBWeatherV3.0.3,2018-11-05 17:34:31,KAZFLAGS163
127,2018-11-05 10:39:48,55.8,28.6,30.05,West,273,1.1,2.2,35,0.0,,,0.0,408.6,AMBWeatherV3.0.3,2018-11-05 17:39:48,KAZFLAGS163
128,2018-11-05 10:44:13,55.8,28.6,30.05,SW,226,2.2,4.5,35,0.0,,,0.0,575.22,AMBWeatherV3.0.3,2018-11-05 17:44:13,KAZFLAGS163
129,2018-11-05 10:49:51,57.2,29.8,30.05,WSW,242,0.0,0.0,35,0.0,,,0.0,523.11,AMBWeatherV3.0.3,2018-11-05 17:49:51,KAZFLAGS163
130,2018-11-05 10:54:53,58.5,30.2,30.05,WSW,248,1.8,3.4,34,0.0,,,0.0,592.47,AMBWeatherV3.0.3,2018-11-05 17:54:53,KAZFLAGS163
131,2018-11-05 10:59:48,57.6,29.5,30.06,WNW,286,0.0,0.0,34,0.0,,,0.0,678.48,AMBWeatherV3.0.3,2018-11-05 17:59:48,KAZFLAGS163
132,2018-11-05 11:04:52,57.4,29.3,30.05,West,263,2.2,5.8,34,0.0,,,0.0,534.85,AMBWeatherV3.0.3,2018-11-05 18:04:52,KAZFLAGS163
133,2018-11-05 11:09:40,57.7,28.9,30.05,West,278,2.2,2.2,33,0.0,,,0.0,409.94,AMBWeatherV3.0.3,2018-11-05 18:09:40,KAZFLAGS163
134,2018-11-05 11:14:21,58.1,29.1,30.05,WNW,298,3.4,5.8,33,0.0,,,0.0,555.65,AMBWeatherV3.0.3,2018-11-05 18:14:21,KAZFLAGS163
135,2018-11-05 11:19:41,58.1,29.1,30.05,West,276,4.5,5.8,33,0.0,,,0.0,606.42,AMBWeatherV3.0.3,2018-11-05 18:19:41,KAZFLAGS163
136,2018-11-05 11:24:36,58.3,29.3,30.04,West,260,2.7,4.5,33,0.0,,,0.0,201.24,AMBWeatherV3.0.3,2018-11-05 18:24:36,KAZFLAGS163
137,2018-11-05 11:29:40,58.6,31.1,30.04,SW,225,0.0,0.0,35,0.0,,,0.0,482.74,AMBWeatherV3.0.3,2018-11-05 18:29:40,KAZFLAGS163
138,2018-11-05 11:34:53,59.2,30.2,30.04,SW,230,3.8,4.5,33,0.0,,,0.0,681.41,AMBWeatherV3.0.3,2018-11-05 18:34:53,KAZFLAGS163
139,2018-11-05 11:39:41,59.0,30.7,30.04,WSW,251,0.0,0.0,34,0.0,,,0.0,530.08,AMBWeatherV3.0.3,2018-11-05 18:39:41,KAZFLAGS163
140,2018-11-05 11:44:51,59.0,30.0,30.04,West,262,5.4,6.9,33,0.0,,,0.0,612.53,AMBWeatherV3.0.3,2018-11-05 18:44:51,KAZFLAGS163
141,2018-11-05 11:49:40,59.0,29.1,30.05,WSW,246,2.2,3.4,32,0.0,,,0.0,587.7,AMBWeatherV3.0.3,2018-11-05 18:49:40,KAZFLAGS163
142,2018-11-05 11:54:21,60.1,30.2,30.04,NW,323,0.9,2.2,32,0.0,,,0.0,489.71,AMBWeatherV3.0.3,2018-11-05 18:54:21,KAZFLAGS163
143,2018-11-05 11:59:41,60.6,29.1,30.05,WSW,239,0.0,0.0,30,0.0,,,0.0,71.07,AMBWeatherV3.0.3,2018-11-05 18:59:41,KAZFLAGS163
144,2018-11-05 12:04:29,61.2,31.1,30.04,SW,220,2.5,4.5,32,0.0,,,0.0,659.39,AMBWeatherV3.0.3,2018-11-05 19:04:29,KAZFLAGS163
145,2018-11-05 12:09:40,61.2,27.9,30.04,SW,228,0.7,3.4,28,0.0,,,0.0,398.2,AMBWeatherV3.0.3,2018-11-05 19:09:40,KAZFLAGS163
146,2018-11-05 12:14:53,61.2,26.1,30.04,West,263,3.8,8.1,26,0.0,,,0.0,557.85,AMBWeatherV3.0.3,2018-11-05 19:14:53,KAZFLAGS163
147,2018-11-05 12:19:41,61.3,24.3,30.06,SW,236,2.2,4.5,24,0.0,,,0.0,280.64,AMBWeatherV3.0.3,2018-11-05 19:19:41,KAZFLAGS163
148,2018-11-05 12:24:52,61.7,22.5,30.05,WNW,302,5.4,8.1,22,0.0,,,0.0,47.71,AMBWeatherV3.0.3,2018-11-05 19:24:52,KAZFLAGS163
149,2018-11-05 12:29:01,61.3,24.3,30.05,WNW,299,0.4,2.2,24,0.0,,,0.0,45.51,AMBWeatherV3.0.3,2018-11-05 19:29:01,KAZFLAGS163
150,2018-11-05 12:34:53,61.7,23.5,30.05,WSW,257,2.2,3.4,23,0.0,,,0.0,65.45,AMBWeatherV3.0.3,2018-11-05 19:34:53,KAZFLAGS163
151,2018-11-05 12:39:48,62.4,29.8,30.05,West,262,0.0,0.0,29,0.0,,,0.0,60.19,AMBWeatherV3.0.3,2018-11-05 19:39:48,KAZFLAGS163
152,2018-11-05 12:44:51,62.4,28.9,30.05,WSW,237,6.5,8.1,28,0.0,,,0.0,74.5,AMBWeatherV3.0.3,2018-11-05 19:44:51,KAZFLAGS163
153,2018-11-05 12:49:40,61.7,29.1,30.06,West,269,2.2,3.4,29,0.0,,,0.0,512.71,AMBWeatherV3.0.3,2018-11-05 19:49:40,KAZFLAGS163
154,2018-11-05 12:54:38,62.1,29.5,30.05,SW,230,0.0,0.0,29,0.0,,,0.0,452.89,AMBWeatherV3.0.3,2018-11-05 19:54:38,KAZFLAGS163
155,2018-11-05 12:59:25,61.9,28.4,30.05,SW,230,0.0,0.0,28,0.0,,,0.0,212.13,AMBWeatherV3.0.3,2018-11-05 19:59:25,KAZFLAGS163
156,2018-11-05 13:04:51,62.1,28.6,30.05,WSW,248,0.0,0.0,28,0.0,,,0.0,190.36,AMBWeatherV3.0.3,2018-11-05 20:04:51,KAZFLAGS163
157,2018-11-05 13:09:33,62.1,28.6,30.06,SSW,206,0.7,3.4,28,0.0,,,0.0,448.11,AMBWeatherV3.0.3,2018-11-05 20:09:33,KAZFLAGS163
158,2018-11-05 13:14:38,63.5,28.9,30.06,WSW,248,0.0,0.0,27,0.0,,,0.0,507.08,AMBWeatherV3.0.3,2018-11-05 20:14:38,KAZFLAGS163
159,2018-11-05 13:19:32,62.4,28.9,30.05,West,269,6.0,8.1,28,0.0,,,0.0,618.16,AMBWeatherV3.0.3,2018-11-05 20:19:32,KAZFLAGS163
160,2018-11-05 13:24:51,62.1,28.6,30.04,SW,215,0.7,2.2,28,0.0,,,0.0,616.45,AMBWeatherV3.0.3,2018-11-05 20:24:51,KAZFLAGS163
161,2018-11-05 13:29:33,63.5,29.8,30.04,WSW,253,2.5,3.4,28,0.0,,,0.0,486.28,AMBWeatherV3.0.3,2018-11-05 20:29:33,KAZFLAGS163
162,2018-11-05 13:34:38,62.4,28.9,30.04,WNW,285,2.7,4.5,28,0.0,,,0.0,610.7,AMBWeatherV3.0.3,2018-11-05 20:34:38,KAZFLAGS163
163,2018-11-05 13:39:41,62.1,29.5,30.04,WSW,247,1.3,2.2,29,0.0,,,0.0,594.67,AMBWeatherV3.0.3,2018-11-05 20:39:41,KAZFLAGS163
164,2018-11-05 13:44:51,61.9,29.3,30.04,WSW,248,7.6,9.2,29,0.0,,,0.0,575.22,AMBWeatherV3.0.3,2018-11-05 20:44:51,KAZFLAGS163
165,2018-11-05 13:49:40,61.5,29.8,30.04,WSW,254,3.6,4.5,30,0.0,,,0.0,573.88,AMBWeatherV3.0.3,2018-11-05 20:49:40,KAZFLAGS163
166,2018-11-05 13:54:53,61.0,30.2,30.04,WSW,244,3.1,4.5,31,0.0,,,0.0,140.44,AMBWeatherV3.0.3,2018-11-05 20:54:53,KAZFLAGS163
167,2018-11-05 13:59:48,60.3,29.5,30.05,WSW,242,1.6,4.5,31,0.0,,,0.0,271.46,AMBWeatherV3.0.3,2018-11-05 20:59:48,KAZFLAGS163
168,2018-11-05 14:04:51,61.0,30.2,30.06,West,264,0.7,1.1,31,0.0,,,0.0,248.1,AMBWeatherV3.0.3,2018-11-05 21:04:51,KAZFLAGS163
169,2018-11-05 14:09:40,61.2,31.1,30.05,WSW,255,0.0,0.0,32,0.0,,,0.0,84.04,AMBWeatherV3.0.3,2018-11-05 21:09:40,KAZFLAGS163
170,2018-11-05 14:14:54,61.0,31.8,30.05,SSW,207,2.2,5.8,33,0.0,,,0.0,41.1,AMBWeatherV3.0.3,2018-11-05 21:14:54,KAZFLAGS163
171,2018-11-05 14:19:41,59.5,31.1,30.05,WSW,239,0.4,2.2,34,0.0,,,0.0,44.65,AMBWeatherV3.0.3,2018-11-05 21:19:41,KAZFLAGS163
172,2018-11-05 14:24:52,59.5,31.1,30.06,SW,215,0.7,1.1,34,0.0,,,0.0,41.59,AMBWeatherV3.0.3,2018-11-05 21:24:52,KAZFLAGS163
173,2018-11-05 14:29:55,59.5,31.1,30.05,SW,229,1.8,2.2,34,0.0,,,0.0,42.45,AMBWeatherV3.0.3,2018-11-05 21:29:55,KAZFLAGS163
174,2018-11-05 14:34:54,59.2,30.2,30.06,WSW,247,2.9,6.9,33,0.0,,,0.0,44.16,AMBWeatherV3.0.3,2018-11-05 21:34:54,KAZFLAGS163
175,2018-11-05 14:39:41,59.4,31.6,30.05,WSW,258,0.0,0.0,35,0.0,,,0.0,47.22,AMBWeatherV3.0.3,2018-11-05 21:39:41,KAZFLAGS163
176,2018-11-05 14:44:51,58.8,31.3,30.05,WSW,242,4.0,5.8,35,0.0,,,0.0,64.59,AMBWeatherV3.0.3,2018-11-05 21:44:51,KAZFLAGS163
177,2018-11-05 14:49:16,58.6,31.1,30.04,WSW,252,0.0,0.0,35,0.0,,,0.0,97.99,AMBWeatherV3.0.3,2018-11-05 21:49:16,KAZFLAGS163
178,2018-11-05 14:54:04,58.6,30.4,30.03,WSW,248,2.9,4.5,34,0.0,,,0.0,75.85,AMBWeatherV3.0.3,2018-11-05 21:54:04,KAZFLAGS163
179,2018-11-05 14:59:48,59.2,30.9,30.03,SW,228,0.0,0.0,34,0.0,,,0.0,85.88,AMBWeatherV3.0.3,2018-11-05 21:59:48,KAZFLAGS163
180,2018-11-05 15:04:51,58.8,30.6,30.02,WSW,237,0.0,0.0,34,0.0,,,0.0,40.73,AMBWeatherV3.0.3,2018-11-05 22:04:51,KAZFLAGS163
181,2018-11-05 15:09:16,59.0,30.7,30.02,WSW,255,0.0,0.0,34,0.0,,,0.0,45.51,AMBWeatherV3.0.3,2018-11-05 22:09:16,KAZFLAGS163
182,2018-11-05 15:14:53,59.0,30.7,30.02,SW,217,0.0,0.0,34,0.0,,,0.0,132.24,AMBWeatherV3.0.3,2018-11-05 22:14:53,KAZFLAGS163
183,2018-11-05 15:19:40,58.5,30.9,30.02,SW,219,2.5,5.8,35,0.0,,,0.0,77.19,AMBWeatherV3.0.3,2018-11-05 22:19:40,KAZFLAGS163
184,2018-11-05 15:24:36,58.1,30.6,30.02,WSW,251,1.8,3.4,35,0.0,,,0.0,112.3,AMBWeatherV3.0.3,2018-11-05 22:24:36,KAZFLAGS163
185,2018-11-05 15:29:40,58.6,30.4,30.02,WSW,257,0.7,4.5,34,0.0,,,0.0,233.29,AMBWeatherV3.0.3,2018-11-05 22:29:40,KAZFLAGS163
186,2018-11-05 15:34:53,59.4,31.1,30.02,SW,232,1.3,3.4,34,0.0,,,0.0,215.07,AMBWeatherV3.0.3,2018-11-05 22:34:53,KAZFLAGS163
187,2018-11-05 15:39:40,59.2,30.2,30.02,WSW,253,6.3,9.2,33,0.0,,,0.0,166.99,AMBWeatherV3.0.3,2018-11-05 22:39:40,KAZFLAGS163
188,2018-11-05 15:44:28,58.8,30.6,30.02,West,271,2.5,5.8,34,0.0,,,0.0,36.82,AMBWeatherV3.0.3,2018-11-05 22:44:28,KAZFLAGS163
189,2018-11-05 15:49:55,58.8,29.8,30.02,WSW,247,6.0,8.1,33,0.0,,,0.0,108.88,AMBWeatherV3.0.3,2018-11-05 22:49:55,KAZFLAGS163
190,2018-11-05 15:54:31,58.6,30.4,30.02,SW,236,0.2,2.2,34,0.0,,,0.0,31.56,AMBWeatherV3.0.3,2018-11-05 22:54:31,KAZFLAGS163
191,2018-11-05 15:58:53,58.8,30.6,30.01,SW,227,0.0,0.0,34,0.0,,,0.0,35.48,AMBWeatherV3.0.3,2018-11-05 22:58:53,KAZFLAGS163
192,2018-11-05 16:04:36,58.3,30.7,30.02,WSW,244,0.2,1.1,35,0.0,,,0.0,32.9,AMBWeatherV3.0.3,2018-11-05 23:04:36,KAZFLAGS163
193,2018-11-05 16:09:32,57.9,30.4,30.02,WSW,252,0.0,0.0,35,0.0,,,0.0,35.11,AMBWeatherV3.0.3,2018-11-05 23:09:32,KAZFLAGS163
194,2018-11-05 16:14:20,57.7,30.9,30.02,SW,235,0.0,0.0,36,0.0,,,0.0,28.63,AMBWeatherV3.0.3,2018-11-05 23:14:20,KAZFLAGS163
195,2018-11-05 16:19:40,57.7,28.9,30.02,West,272,0.0,0.0,33,0.0,,,0.0,26.79,AMBWeatherV3.0.3,2018-11-05 23:19:40,KAZFLAGS163
196,2018-11-05 16:24:52,57.7,28.9,30.02,West,273,0.0,0.0,33,0.0,,,0.0,28.14,AMBWeatherV3.0.3,2018-11-05 23:24:52,KAZFLAGS163
197,2018-11-05 16:29:39,57.9,29.8,30.03,SW,235,0.0,0.0,34,0.0,,,0.0,25.94,AMBWeatherV3.0.3,2018-11-05 23:29:39,KAZFLAGS163
198,2018-11-05 16:34:53,57.2,30.6,30.03,West,267,0.7,1.1,36,0.0,,,0.0,24.22,AMBWeatherV3.0.3,2018-11-05 23:34:53,KAZFLAGS163
199,2018-11-05 16:39:31,56.7,30.7,30.02,WSW,239,0.0,0.0,37,0.0,,,0.0,23.36,AMBWeatherV3.0.3,2018-11-05 23:39:31,KAZFLAGS163
200,2018-11-05 16:44:51,56.3,30.4,30.02,WSW,248,0.0,0.0,37,0.0,,,0.0,21.65,AMBWeatherV3.0.3,2018-11-05 23:44:51,KAZFLAGS163
201,2018-11-05 16:49:32,55.9,30.7,30.02,WSW,258,2.7,5.8,38,0.0,,,0.0,21.65,AMBWeatherV3.0.3,2018-11-05 23:49:32,KAZFLAGS163
202,2018-11-05 16:54:53,55.2,30.7,30.02,WSW,243,0.0,0.0,39,0.0,,,0.0,19.45,AMBWeatherV3.0.3,2018-11-05 23:54:53,KAZFLAGS163
203,2018-11-05 16:59:40,54.7,31.5,30.02,West,270,0.0,0.0,41,0.0,,,0.0,17.73,AMBWeatherV3.0.3,2018-11-05 23:59:40,KAZFLAGS163
204,2018-11-05 17:04:51,54.1,30.9,30.02,WSW,240,0.0,0.0,41,0.0,,,0.0,14.68,AMBWeatherV3.0.3,2018-11-06 00:04:51,KAZFLAGS163
205,2018-11-05 17:09:39,53.6,30.6,30.02,West,263,0.0,0.0,41,0.0,,,0.0,12.11,AMBWeatherV3.0.3,2018-11-06 00:09:39,KAZFLAGS163
206,2018-11-05 17:14:38,53.4,30.4,30.02,WSW,243,0.0,0.0,41,0.0,,,0.0,9.54,AMBWeatherV3.0.3,2018-11-06 00:14:38,KAZFLAGS163
207,2018-11-05 17:19:40,53.1,30.6,30.02,West,260,0.0,0.0,42,0.0,,,0.0,5.99,AMBWeatherV3.0.3,2018-11-06 00:19:40,KAZFLAGS163
208,2018-11-05 17:24:51,52.5,30.2,30.03,SW,236,0.0,0.0,42,0.0,,,0.0,3.79,AMBWeatherV3.0.3,2018-11-06 00:24:51,KAZFLAGS163
209,2018-11-05 17:29:55,52.2,30.9,30.03,WSW,239,0.0,0.0,44,0.0,,,0.0,1.22,AMBWeatherV3.0.3,2018-11-06 00:29:55,KAZFLAGS163
210,2018-11-05 17:34:38,51.4,30.7,30.03,WSW,242,0.0,0.0,45,0.0,,,0.0,0.0,AMBWeatherV3.0.3,2018-11-06 00:34:38,KAZFLAGS163
211,2018-11-05 17:39:40,50.9,30.4,30.03,WSW,251,0.0,0.0,45,0.0,,,0.0,0.0,AMBWeatherV3.0.3,2018-11-06 00:39:40,KAZFLAGS163
212,2018-11-05 17:44:51,50.9,30.9,30.03,WSW,241,0.0,0.0,46,0.0,,,0.0,0.0,AMBWeatherV3.0.3,2018-11-06 00:44:51,KAZFLAGS163
213,2018-11-05 17:49:39,50.4,30.9,30.03,WSW,246,0.0,0.0,47,0.0,,,0.0,0.0,AMBWeatherV3.0.3,2018-11-06 00:49:39,KAZFLAGS163
214,2018-11-05 17:54:55,50.0,30.6,30.03,WSW,238,0.0,0.0,47,0.0,,,0.0,0.0,AMBWeatherV3.0.3,2018-11-06 00:54:55,KAZFLAGS163
215,2018-11-05 17:59:08,49.8,30.9,30.03,WSW,245,0.0,0.0,48,0.0,,,0.0,0.0,AMBWeatherV3.0.3,2018-11-06 00:59:08,KAZFLAGS163
216,2018-11-05 18:04:51,49.5,31.1,30.03,West,259,0.0,0.0,49,0.0,,,0.0,0.0,AMBWeatherV3.0.3,2018-11-06 01:04:51,KAZFLAGS163
217,2018-11-05 18:09:55,49.3,30.9,30.03,WSW,243,0.0,0.0,49,0.0,,,0.0,0.0,AMBWeatherV3.0.3,2018-11-06 01:09:55,KAZFLAGS163
218,2018-11-05 18:14:31,49.1,30.7,30.03,WSW,255,0.0,0.0,49,0.0,,,0.0,0.0,AMBWeatherV3.0.3,2018-11-06 01:14:31,KAZFLAGS163
219,2018-11-05 18:19:08,48.9,30.6,30.03,WSW,243,0.0,0.0,49,0.0,,,0.0,0.0,AMBWeatherV3.0.3,2018-11-06 01:19:08,KAZFLAGS163
220,2018-11-05 18:24:44,48.4,31.1,30.04,WSW,245,0.0,0.0,51,0.0,,,0.0,0.0,AMBWeatherV3.0.3,2018-11-06 01:24:44,KAZFLAGS163
221,2018-11-05 18:29:55,48.2,30.4,30.04,WSW,239,0.0,0.0,50,0.0,,,0.0,0.0,AMBWeatherV3.0.3,2018-11-06 01:29:55,KAZFLAGS163
222,2018-11-05 18:34:53,48.2,30.9,30.04,WSW,249,0.0,0.0,51,0.0,,,0.0,0.0,AMBWeatherV3.0.3,2018-11-06 01:34:53,KAZFLAGS163
223,2018-11-05 18:39:31,48.0,30.7,30.04,West,265,0.0,0.0,51,0.0,,,0.0,0.0,AMBWeatherV3.0.3,2018-11-06 01:39:31,KAZFLAGS163
224,2018-11-05 18:44:51,47.8,30.6,30.04,WSW,254,0.0,0.0,51,0.0,,,0.0,0.0,AMBWeatherV3.0.3,2018-11-06 01:44:51,KAZFLAGS163
225,2018-11-05 18:49:39,47.5,30.7,30.04,WSW,247,0.0,0.0,52,0.0,,,0.0,0.0,AMBWeatherV3.0.3,2018-11-06 01:49:39,KAZFLAGS163
226,2018-11-05 18:54:38,46.9,30.7,30.04,WSW,244,0.0,0.0,53,0.0,,,0.0,0.0,AMBWeatherV3.0.3,2018-11-06 01:54:38,KAZFLAGS163
227,2018-11-05 18:59:31,46.8,30.6,30.05,WSW,253,0.0,0.0,53,0.0,,,0.0,0.0,AMBWeatherV3.0.3,2018-11-06 01:59:31,KAZFLAGS163
228,2018-11-05 19:04:51,46.8,30.6,30.04,WSW,243,0.0,0.0,53,0.0,,,0.0,0.0,AMBWeatherV3.0.3,2018-11-06 02:04:51,KAZFLAGS163
229,2018-11-05 19:09:54,46.6,30.4,30.04,WSW,238,0.0,0.0,53,0.0,,,0.0,0.0,AMBWeatherV3.0.3,2018-11-06 02:09:54,KAZFLAGS163
230,2018-11-05 19:14:31,46.4,30.2,30.05,WSW,246,0.0,0.0,53,0.0,,,0.0,0.0,AMBWeatherV3.0.3,2018-11-06 02:14:31,KAZFLAGS163
231,2018-11-05 19:19:40,46.2,30.6,30.05,WSW,248,0.0,0.0,54,0.0,,,0.0,0.0,AMBWeatherV3.0.3,2018-11-06 02:19:40,KAZFLAGS163
232,2018-11-05 19:24:51,46.2,30.0,30.05,West,259,0.0,0.0,53,0.0,,,0.0,0.0,AMBWeatherV3.0.3,2018-11-06 02:24:51,KAZFLAGS163
233,2018-11-05 19:29:39,46.0,30.4,30.05,WSW,245,0.0,0.0,54,0.0,,,0.0,0.0,AMBWeatherV3.0.3,2018-11-06 02:29:39,KAZFLAGS163
234,2018-11-05 19:34:38,46.2,30.0,30.04,WSW,251,0.0,0.0,53,0.0,,,0.0,0.0,AMBWeatherV3.0.3,2018-11-06 02:34:38,KAZFLAGS163
235,2018-11-05 19:39:40,46.0,29.8,30.05,West,277,0.0,0.0,53,0.0,,,0.0,0.0,AMBWeatherV3.0.3,2018-11-06 02:39:40,KAZFLAGS163
236,2018-11-05 19:44:12,46.0,30.4,30.05,WNW,301,0.0,0.0,54,0.0,,,0.0,0.0,AMBWeatherV3.0.3,2018-11-06 02:44:12,KAZFLAGS163
237,2018-11-05 19:49:32,45.7,30.4,30.06,West,262,0.0,0.0,55,0.0,,,0.0,0.0,AMBWeatherV3.0.3,2018-11-06 02:49:32,KAZFLAGS163
238,2018-11-05 19:54:38,45.1,30.0,30.05,WSW,257,0.0,0.0,55,0.0,,,0.0,0.0,AMBWeatherV3.0.3,2018-11-06 02:54:38,KAZFLAGS163
239,2018-11-05 19:59:40,44.8,30.0,30.05,WSW,241,0.0,0.0,56,0.0,,,0.0,0.0,AMBWeatherV3.0.3,2018-11-06 02:59:40,KAZFLAGS163
240,2018-11-05 20:04:51,45.0,30.2,30.04,West,259,0.0,0.0,56,0.0,,,0.0,0.0,AMBWeatherV3.0.3,2018-11-06 03:04:51,KAZFLAGS163
241,2018-11-05 20:09:32,44.8,30.0,30.05,WSW,244,0.0,0.0,56,0.0,,,0.0,0.0,AMBWeatherV3.0.3,2018-11-06 03:09:32,KAZFLAGS163
242,2018-11-05 20:14:53,44.6,29.8,30.05,West,261,0.0,0.0,56,0.0,,,0.0,0.0,AMBWeatherV3.0.3,2018-11-06 03:14:53,KAZFLAGS163
243,2018-11-05 20:19:40,44.6,29.8,30.05,WSW,251,0.0,0.0,56,0.0,,,0.0,0.0,AMBWeatherV3.0.3,2018-11-06 03:19:40,KAZFLAGS163
244,2018-11-05 20:24:28,44.4,30.2,30.05,WSW,246,0.0,0.0,57,0.0,,,0.0,0.0,AMBWeatherV3.0.3,2018-11-06 03:24:28,KAZFLAGS163
245,2018-11-05 20:29:54,44.8,30.6,30.05,WSW,255,0.0,0.0,57,0.0,,,0.0,0.0,AMBWeatherV3.0.3,2018-11-06 03:29:54,KAZFLAGS163
246,2018-11-05 20:34:38,44.6,30.4,30.06,West,275,0.0,0.0,57,0.0,,,0.0,0.0,AMBWeatherV3.0.3,2018-11-06 03:34:38,KAZFLAGS163
247,2018-11-05 20:39:40,44.2,30.0,30.06,WSW,251,0.0,0.0,57,0.0,,,0.0,0.0,AMBWeatherV3.0.3,2018-11-06 03:39:40,KAZFLAGS163
248,2018-11-05 20:44:50,44.1,30.2,30.05,WNW,292,0.0,0.0,58,0.0,,,0.0,0.0,AMBWeatherV3.0.3,2018-11-06 03:44:50,KAZFLAGS163
249,2018-11-05 20:49:16,43.9,30.0,30.06,West,268,0.0,0.0,58,0.0,,,0.0,0.0,AMBWeatherV3.0.3,2018-11-06 03:49:16,KAZFLAGS163
250,2018-11-05 20:54:31,43.7,29.8,30.07,West,260,0.0,0.0,58,0.0,,,0.0,0.0,AMBWeatherV3.0.3,2018-11-06 03:54:31,KAZFLAGS163
251,2018-11-05 20:59:31,43.3,30.4,30.07,West,269,0.0,0.0,60,0.0,,,0.0,0.0,AMBWeatherV3.0.3,2018-11-06 03:59:31,KAZFLAGS163
252,2018-11-05 21:04:50,43.0,29.7,30.06,West,267,0.0,0.0,59,0.0,,,0.0,0.0,AMBWeatherV3.0.3,2018-11-06 04:04:50,KAZFLAGS163
253,2018-11-05 21:09:54,42.6,30.2,30.06,WSW,252,0.0,0.0,61,0.0,,,0.0,0.0,AMBWeatherV3.0.3,2018-11-06 04:09:54,KAZFLAGS163
254,2018-11-05 21:14:54,42.6,29.7,30.07,West,275,0.0,0.0,60,0.0,,,0.0,0.0,AMBWeatherV3.0.3,2018-11-06 04:14:54,KAZFLAGS163
255,2018-11-05 21:19:41,42.8,30.4,30.07,WSW,253,0.0,0.0,61,0.0,,,0.0,0.0,AMBWeatherV3.0.3,2018-11-06 04:19:41,KAZFLAGS163
256,2018-11-05 21:24:50,42.8,29.8,30.06,WSW,249,0.0,0.0,60,0.0,,,0.0,0.0,AMBWeatherV3.0.3,2018-11-06 04:24:50,KAZFLAGS163
257,2018-11-05 21:29:39,42.6,30.2,30.07,WSW,249,0.0,0.0,61,0.0,,,0.0,0.0,AMBWeatherV3.0.3,2018-11-06 04:29:39,KAZFLAGS163
258,2018-11-05 21:34:53,42.4,30.0,30.07,WSW,252,0.0,0.0,61,0.0,,,0.0,0.0,AMBWeatherV3.0.3,2018-11-06 04:34:53,KAZFLAGS163
259,2018-11-05 21:39:40,42.1,30.4,30.07,WNW,286,0.0,0.0,63,0.0,,,0.0,0.0,AMBWeatherV3.0.3,2018-11-06 04:39:40,KAZFLAGS163
260,2018-11-05 21:44:50,41.9,30.2,30.07,WNW,286,0.0,0.0,63,0.0,,,0.0,0.0,AMBWeatherV3.0.3,2018-11-06 04:44:50,KAZFLAGS163
261,2018-11-05 21:49:39,42.1,30.4,30.07,West,266,0.0,0.0,63,0.0,,,0.0,0.0,AMBWeatherV3.0.3,2018-11-06 04:49:39,KAZFLAGS163
262,2018-11-05 21:54:38,42.1,30.0,30.07,WSW,251,0.0,0.0,62,0.0,,,0.0,0.0,AMBWeatherV3.0.3,2018-11-06 04:54:38,KAZFLAGS163
263,2018-11-05 21:59:40,41.7,30.0,30.07,WSW,256,0.0,0.0,63,0.0,,,0.0,0.0,AMBWeatherV3.0.3,2018-11-06 04:59:40,KAZFLAGS163
264,2018-11-05 22:04:51,41.9,29.8,30.07,West,260,0.0,0.0,62,0.0,,,0.0,0.0,AMBWeatherV3.0.3,2018-11-06 05:04:51,KAZFLAGS163
265,2018-11-05 22:09:54,42.3,29.8,30.07,WSW,247,0.0,0.0,61,0.0,,,0.0,0.0,AMBWeatherV3.0.3,2018-11-06 05:09:54,KAZFLAGS163
266,2018-11-05 22:14:53,42.4,30.4,30.07,WSW,247,0.0,0.0,62,0.0,,,0.0,0.0,AMBWeatherV3.0.3,2018-11-06 05:14:53,KAZFLAGS163
267,2018-11-05 22:19:31,42.3,29.8,30.07,WNW,292,0.0,0.0,61,0.0,,,0.0,0.0,AMBWeatherV3.0.3,2018-11-06 05:19:31,KAZFLAGS163
268,2018-11-05 22:24:35,42.4,29.5,30.07,SW,235,0.0,0.0,60,0.0,,,0.0,0.0,AMBWeatherV3.0.3,2018-11-06 05:24:35,KAZFLAGS163
269,2018-11-05 22:29:39,42.6,29.7,30.07,WSW,241,0.0,0.0,60,0.0,,,0.0,0.0,AMBWeatherV3.0.3,2018-11-06 05:29:39,KAZFLAGS163
270,2018-11-05 22:34:54,42.3,29.8,30.07,WSW,240,0.0,0.0,61,0.0,,,0.0,0.0,AMBWeatherV3.0.3,2018-11-06 05:34:54,KAZFLAGS163
271,2018-11-05 22:39:31,42.1,29.1,30.08,WNW,291,0.0,0.0,60,0.0,,,0.0,0.0,AMBWeatherV3.0.3,2018-11-06 05:39:31,KAZFLAGS163
272,2018-11-05 22:44:50,42.3,29.3,30.08,WNW,289,0.0,0.0,60,0.0,,,0.0,0.0,AMBWeatherV3.0.3,2018-11-06 05:44:50,KAZFLAGS163
273,2018-11-05 22:49:16,42.1,29.1,30.07,WSW,245,0.0,0.0,60,0.0,,,0.0,0.0,AMBWeatherV3.0.3,2018-11-06 05:49:16,KAZFLAGS163
274,2018-11-05 22:54:38,41.7,29.3,30.08,West,262,0.0,0.0,61,0.0,,,0.0,0.0,AMBWeatherV3.0.3,2018-11-06 05:54:38,KAZFLAGS163
275,2018-11-05 22:59:31,41.7,28.8,30.08,WSW,255,0.0,0.0,60,0.0,,,0.0,0.0,AMBWeatherV3.0.3,2018-11-06 05:59:31,KAZFLAGS163
276,2018-11-05 23:04:50,41.7,29.3,30.07,WSW,249,0.0,0.0,61,0.0,,,0.0,0.0,AMBWeatherV3.0.3,2018-11-06 06:04:50,KAZFLAGS163
277,2018-11-05 23:09:39,41.7,28.8,30.08,WSW,243,0.0,0.0,60,0.0,,,0.0,0.0,AMBWeatherV3.0.3,2018-11-06 06:09:39,KAZFLAGS163
278,2018-11-05 23:14:53,41.9,28.9,30.08,WSW,240,0.0,0.0,60,0.0,,,0.0,0.0,AMBWeatherV3.0.3,2018-11-06 06:14:53,KAZFLAGS163
279,2018-11-05 23:19:40,41.5,29.1,30.07,WSW,240,0.0,0.0,61,0.0,,,0.0,0.0,AMBWeatherV3.0.3,2018-11-06 06:19:40,KAZFLAGS163
280,2018-11-05 23:24:50,41.7,29.3,30.07,WSW,244,0.0,0.0,61,0.0,,,0.0,0.0,AMBWeatherV3.0.3,2018-11-06 06:24:50,KAZFLAGS163
281,2018-11-05 23:28:28,41.9,28.9,30.07,WSW,239,0.0,0.0,60,0.0,,,0.0,0.0,AMBWeatherV3.0.3,2018-11-06 06:28:28,KAZFLAGS163
282,2018-11-05 23:34:53,42.1,29.1,30.07,West,268,0.0,0.0,60,0.0,,,0.0,0.0,AMBWeatherV3.0.3,2018-11-06 06:34:53,KAZFLAGS163
283,2018-11-05 23:39:40,42.1,29.1,30.07,West,267,0.0,0.0,60,0.0,,,0.0,0.0,AMBWeatherV3.0.3,2018-11-06 06:39:40,KAZFLAGS163
284,2018-11-05 23:44:50,42.1,29.1,30.07,West,267,0.0,0.0,60,0.0,,,0.0,0.0,AMBWeatherV3.0.3,2018-11-06 06:44:50,KAZFLAGS163
285,2018-11-05 23:49:54,41.7,28.8,30.08,West,263,0.0,0.0,60,0.0,,,0.0,0.0,AMBWeatherV3.0.3,2018-11-06 06:49:54,KAZFLAGS163
286,2018-11-05 23:54:53,41.5,28.8,30.06,West,263,0.0,0.0,60,0.0,,,0.0,0.0,AMBWeatherV3.0.3,2018-11-06 06:54:53,KAZFLAGS163
287,2018-11-05 23:59:40,41.0,28.9,30.07,West,264,0.0,0.0,62,0.0,,,0.0,0.0,AMBWeatherV3.0.3,2018-11-06 06:59:40,KAZFLAGS163
